record_id,sample_index,ppi,pair_type,frozen_analysis_status,conformant_analysis_status,subject_id,plain_position,roll_position,status,reason,mutual_matches,ransac_inliers,inlier_ratio,median_reprojection_error,p90_reprojection_error,plain_hull_coverage,roll_hull_coverage,overlap_plain_pixels,overlap_roll_pixels,registration_relative_local_path,registration_sha256
S01-1000,1,1000,mated,PREPROCESSING_FAILURE,PREPROCESSING_FAILURE,00001809,1,1,INVALID,PREPROCESSING_FAILURE,0,0,,,,,,,,artifacts/experiment-004/local-large/registrations/1000/S01-1000-mated.npz,5ad6fcb5fa55b857f31e15cdda295604f45990946558141477f5665eea5ac38d
S01-1000,1,1000,non_mated,PREPROCESSING_FAILURE,PREPROCESSING_FAILURE,00001809,1,2,INVALID,PREPROCESSING_FAILURE,0,0,,,,,,,,artifacts/experiment-004/local-large/registrations/1000/S01-1000-non_mated.npz,5ad6fcb5fa55b857f31e15cdda295604f45990946558141477f5665eea5ac38d
S02-1000,2,1000,mated,PREPROCESSING_FAILURE,PREPROCESSING_FAILURE,00001718,1,1,INVALID,PREPROCESSING_FAILURE,0,0,,,,,,,,artifacts/experiment-004/local-large/registrations/1000/S02-1000-mated.npz,5ad6fcb5fa55b857f31e15cdda295604f45990946558141477f5665eea5ac38d
S02-1000,2,1000,non_mated,PREPROCESSING_FAILURE,PREPROCESSING_FAILURE,00001718,1,2,INVALID,PREPROCESSING_FAILURE,0,0,,,,,,,,artifacts/experiment-004/local-large/registrations/1000/S02-1000-non_mated.npz,5ad6fcb5fa55b857f31e15cdda295604f45990946558141477f5665eea5ac38d
S03-1000,3,1000,mated,PREPROCESSING_FAILURE,PREPROCESSING_FAILURE,00001335,2,2,INVALID,PREPROCESSING_FAILURE,0,0,,,,,,,,artifacts/experiment-004/local-large/registrations/1000/S03-1000-mated.npz,5ad6fcb5fa55b857f31e15cdda295604f45990946558141477f5665eea5ac38d
S03-1000,3,1000,non_mated,PREPROCESSING_FAILURE,PREPROCESSING_FAILURE,00001335,2,3,INVALID,PREPROCESSING_FAILURE,0,0,,,,,,,,artifacts/experiment-004/local-large/registrations/1000/S03-1000-non_mated.npz,5ad6fcb5fa55b857f31e15cdda295604f45990946558141477f5665eea5ac38d
S04-1000,4,1000,mated,PREPROCESSING_FAILURE,PREPROCESSING_FAILURE,00001593,2,2,INVALID,PREPROCESSING_FAILURE,0,0,,,,,,,,artifacts/experiment-004/local-large/registrations/1000/S04-1000-mated.npz,5ad6fcb5fa55b857f31e15cdda295604f45990946558141477f5665eea5ac38d
S04-1000,4,1000,non_mated,PREPROCESSING_FAILURE,PREPROCESSING_FAILURE,00001593,2,3,INVALID,PREPROCESSING_FAILURE,0,0,,,,,,,,artifacts/experiment-004/local-large/registrations/1000/S04-1000-non_mated.npz,5ad6fcb5fa55b857f31e15cdda295604f45990946558141477f5665eea5ac38d
S05-1000,5,1000,mated,PREPROCESSING_FAILURE,PREPROCESSING_FAILURE,00001314,3,3,INVALID,PREPROCESSING_FAILURE,0,0,,,,,,,,artifacts/experiment-004/local-large/registrations/1000/S05-1000-mated.npz,090d731e516839ac8d26a870b7678cd275acf9071caf2b49b1a91dab1d0090f4
S05-1000,5,1000,non_mated,PREPROCESSING_FAILURE,PREPROCESSING_FAILURE,00001314,3,4,INVALID,PREPROCESSING_FAILURE,0,0,,,,,,,,artifacts/experiment-004/local-large/registrations/1000/S05-1000-non_mated.npz,090d731e516839ac8d26a870b7678cd275acf9071caf2b49b1a91dab1d0090f4
S06-1000,6,1000,mated,PREPROCESSING_FAILURE,PREPROCESSING_FAILURE,00001267,3,3,INVALID,PREPROCESSING_FAILURE,0,0,,,,,,,,artifacts/experiment-004/local-large/registrations/1000/S06-1000-mated.npz,5ad6fcb5fa55b857f31e15cdda295604f45990946558141477f5665eea5ac38d
S06-1000,6,1000,non_mated,PREPROCESSING_FAILURE,PREPROCESSING_FAILURE,00001267,3,4,INVALID,PREPROCESSING_FAILURE,0,0,,,,,,,,artifacts/experiment-004/local-large/registrations/1000/S06-1000-non_mated.npz,5ad6fcb5fa55b857f31e15cdda295604f45990946558141477f5665eea5ac38d
S07-1000,7,1000,mated,PREPROCESSING_FAILURE,PREPROCESSING_FAILURE,00001061,4,4,INVALID,PREPROCESSING_FAILURE,0,0,,,,,,,,artifacts/experiment-004/local-large/registrations/1000/S07-1000-mated.npz,7b25a9a539f2ec59d7fe2f35d48f59239f463da66e8ed3da422988a02c6e6709
S07-1000,7,1000,non_mated,PREPROCESSING_FAILURE,PREPROCESSING_FAILURE,00001061,4,5,INVALID,PREPROCESSING_FAILURE,0,0,,,,,,,,artifacts/experiment-004/local-large/registrations/1000/S07-1000-non_mated.npz,7b25a9a539f2ec59d7fe2f35d48f59239f463da66e8ed3da422988a02c6e6709
S08-1000,8,1000,mated,PREPROCESSING_FAILURE,PREPROCESSING_FAILURE,00001050,4,4,INVALID,PREPROCESSING_FAILURE,0,0,,,,,,,,artifacts/experiment-004/local-large/registrations/1000/S08-1000-mated.npz,f54aff1165a1b57cd328b46d547babae107c687ece4d426886edf28a13312134
S08-1000,8,1000,non_mated,PREPROCESSING_FAILURE,PREPROCESSING_FAILURE,00001050,4,5,INVALID,PREPROCESSING_FAILURE,0,0,,,,,,,,artifacts/experiment-004/local-large/registrations/1000/S08-1000-non_mated.npz,5ad6fcb5fa55b857f31e15cdda295604f45990946558141477f5665eea5ac38d
S09-1000,9,1000,mated,PREPROCESSING_FAILURE,PREPROCESSING_FAILURE,00001187,5,5,INVALID,PREPROCESSING_FAILURE,0,0,,,,,,,,artifacts/experiment-004/local-large/registrations/1000/S09-1000-mated.npz,5ad6fcb5fa55b857f31e15cdda295604f45990946558141477f5665eea5ac38d
S09-1000,9,1000,non_mated,PREPROCESSING_FAILURE,PREPROCESSING_FAILURE,00001187,5,6,INVALID,PREPROCESSING_FAILURE,0,0,,,,,,,,artifacts/experiment-004/local-large/registrations/1000/S09-1000-non_mated.npz,5ad6fcb5fa55b857f31e15cdda295604f45990946558141477f5665eea5ac38d
S10-1000,10,1000,mated,PREPROCESSING_FAILURE,PREPROCESSING_FAILURE,00001668,5,5,INVALID,PREPROCESSING_FAILURE,0,0,,,,,,,,artifacts/experiment-004/local-large/registrations/1000/S10-1000-mated.npz,5ad6fcb5fa55b857f31e15cdda295604f45990946558141477f5665eea5ac38d
S10-1000,10,1000,non_mated,PREPROCESSING_FAILURE,PREPROCESSING_FAILURE,00001668,5,6,INVALID,PREPROCESSING_FAILURE,0,0,,,,,,,,artifacts/experiment-004/local-large/registrations/1000/S10-1000-non_mated.npz,5ad6fcb5fa55b857f31e15cdda295604f45990946558141477f5665eea5ac38d
S11-1000,11,1000,mated,PREPROCESSING_FAILURE,PREPROCESSING_FAILURE,00001595,6,6,INVALID,PREPROCESSING_FAILURE,0,0,,,,,,,,artifacts/experiment-004/local-large/registrations/1000/S11-1000-mated.npz,5ad6fcb5fa55b857f31e15cdda295604f45990946558141477f5665eea5ac38d
S11-1000,11,1000,non_mated,PREPROCESSING_FAILURE,PREPROCESSING_FAILURE,00001595,6,7,INVALID,PREPROCESSING_FAILURE,0,0,,,,,,,,artifacts/experiment-004/local-large/registrations/1000/S11-1000-non_mated.npz,5ad6fcb5fa55b857f31e15cdda295604f45990946558141477f5665eea5ac38d
S12-1000,12,1000,mated,PREPROCESSING_FAILURE,PREPROCESSING_FAILURE,00001159,6,6,INVALID,PREPROCESSING_FAILURE,0,0,,,,,,,,artifacts/experiment-004/local-large/registrations/1000/S12-1000-mated.npz,54d7526d8e4fe2b12054f4e452d1e39d30b5d633d2dde4d84c6ab529ebde4ddc
S12-1000,12,1000,non_mated,PREPROCESSING_FAILURE,PREPROCESSING_FAILURE,00001159,6,7,INVALID,PREPROCESSING_FAILURE,0,0,,,,,,,,artifacts/experiment-004/local-large/registrations/1000/S12-1000-non_mated.npz,54d7526d8e4fe2b12054f4e452d1e39d30b5d633d2dde4d84c6ab529ebde4ddc
S13-1000,13,1000,mated,PREPROCESSING_FAILURE,PREPROCESSING_FAILURE,00001741,7,7,INVALID,PREPROCESSING_FAILURE,0,0,,,,,,,,artifacts/experiment-004/local-large/registrations/1000/S13-1000-mated.npz,27342bf328e8aecc0b1e8d2a76e45d076738f83916eb34ae006db9df9a105ea9
S13-1000,13,1000,non_mated,PREPROCESSING_FAILURE,PREPROCESSING_FAILURE,00001741,7,8,INVALID,PREPROCESSING_FAILURE,0,0,,,,,,,,artifacts/experiment-004/local-large/registrations/1000/S13-1000-non_mated.npz,27342bf328e8aecc0b1e8d2a76e45d076738f83916eb34ae006db9df9a105ea9
S14-1000,14,1000,mated,PREPROCESSING_FAILURE,PREPROCESSING_FAILURE,00001411,7,7,INVALID,PREPROCESSING_FAILURE,0,0,,,,,,,,artifacts/experiment-004/local-large/registrations/1000/S14-1000-mated.npz,5ad6fcb5fa55b857f31e15cdda295604f45990946558141477f5665eea5ac38d
S14-1000,14,1000,non_mated,PREPROCESSING_FAILURE,PREPROCESSING_FAILURE,00001411,7,8,INVALID,PREPROCESSING_FAILURE,0,0,,,,,,,,artifacts/experiment-004/local-large/registrations/1000/S14-1000-non_mated.npz,5ad6fcb5fa55b857f31e15cdda295604f45990946558141477f5665eea5ac38d
S15-1000,15,1000,mated,PREPROCESSING_FAILURE,PREPROCESSING_FAILURE,00001234,8,8,INVALID,PREPROCESSING_FAILURE,0,0,,,,,,,,artifacts/experiment-004/local-large/registrations/1000/S15-1000-mated.npz,5ad6fcb5fa55b857f31e15cdda295604f45990946558141477f5665eea5ac38d
S15-1000,15,1000,non_mated,PREPROCESSING_FAILURE,PREPROCESSING_FAILURE,00001234,8,9,INVALID,PREPROCESSING_FAILURE,0,0,,,,,,,,artifacts/experiment-004/local-large/registrations/1000/S15-1000-non_mated.npz,5ad6fcb5fa55b857f31e15cdda295604f45990946558141477f5665eea5ac38d
S16-1000,16,1000,mated,PREPROCESSING_FAILURE,PREPROCESSING_FAILURE,00001711,8,8,INVALID,PREPROCESSING_FAILURE,0,0,,,,,,,,artifacts/experiment-004/local-large/registrations/1000/S16-1000-mated.npz,5ad6fcb5fa55b857f31e15cdda295604f45990946558141477f5665eea5ac38d
S16-1000,16,1000,non_mated,PREPROCESSING_FAILURE,PREPROCESSING_FAILURE,00001711,8,9,INVALID,PREPROCESSING_FAILURE,0,0,,,,,,,,artifacts/experiment-004/local-large/registrations/1000/S16-1000-non_mated.npz,5ad6fcb5fa55b857f31e15cdda295604f45990946558141477f5665eea5ac38d
S17-1000,17,1000,mated,PREPROCESSING_FAILURE,PREPROCESSING_FAILURE,00001036,9,9,INVALID,PREPROCESSING_FAILURE,0,0,,,,,,,,artifacts/experiment-004/local-large/registrations/1000/S17-1000-mated.npz,5ad6fcb5fa55b857f31e15cdda295604f45990946558141477f5665eea5ac38d
S17-1000,17,1000,non_mated,PREPROCESSING_FAILURE,PREPROCESSING_FAILURE,00001036,9,10,INVALID,PREPROCESSING_FAILURE,0,0,,,,,,,,artifacts/experiment-004/local-large/registrations/1000/S17-1000-non_mated.npz,f26a366f3ebedbecdbd2df225a5147a553997ae8d22a97840de8614109a4a6ce
S18-1000,18,1000,mated,PREPROCESSING_FAILURE,PREPROCESSING_FAILURE,00001580,9,9,INVALID,PREPROCESSING_FAILURE,0,0,,,,,,,,artifacts/experiment-004/local-large/registrations/1000/S18-1000-mated.npz,5ad6fcb5fa55b857f31e15cdda295604f45990946558141477f5665eea5ac38d
S18-1000,18,1000,non_mated,PREPROCESSING_FAILURE,PREPROCESSING_FAILURE,00001580,9,10,INVALID,PREPROCESSING_FAILURE,0,0,,,,,,,,artifacts/experiment-004/local-large/registrations/1000/S18-1000-non_mated.npz,5ad6fcb5fa55b857f31e15cdda295604f45990946558141477f5665eea5ac38d
S19-1000,19,1000,mated,PREPROCESSING_FAILURE,PREPROCESSING_FAILURE,00001085,10,10,INVALID,PREPROCESSING_FAILURE,0,0,,,,,,,,artifacts/experiment-004/local-large/registrations/1000/S19-1000-mated.npz,e63d5a1354707dad31e070e0889d8132540cbccffffea1b4ba159e4af4bb6c3b
S19-1000,19,1000,non_mated,PREPROCESSING_FAILURE,PREPROCESSING_FAILURE,00001085,10,1,INVALID,PREPROCESSING_FAILURE,0,0,,,,,,,,artifacts/experiment-004/local-large/registrations/1000/S19-1000-non_mated.npz,e63d5a1354707dad31e070e0889d8132540cbccffffea1b4ba159e4af4bb6c3b
S20-1000,20,1000,mated,PREPROCESSING_FAILURE,PREPROCESSING_FAILURE,00001027,10,10,INVALID,PREPROCESSING_FAILURE,0,0,,,,,,,,artifacts/experiment-004/local-large/registrations/1000/S20-1000-mated.npz,5ad6fcb5fa55b857f31e15cdda295604f45990946558141477f5665eea5ac38d
S20-1000,20,1000,non_mated,PREPROCESSING_FAILURE,PREPROCESSING_FAILURE,00001027,10,1,INVALID,PREPROCESSING_FAILURE,0,0,,,,,,,,artifacts/experiment-004/local-large/registrations/1000/S20-1000-non_mated.npz,5ad6fcb5fa55b857f31e15cdda295604f45990946558141477f5665eea5ac38d
S01-2000,1,2000,mated,OK,OK,00001809,1,1,AMBIGUOUS,VALIDITY_THRESHOLDS_NOT_MET,63,11,0.1746031746031746,2.0702857971191406,4.152581691741943,0.050654656564135606,0.02368732824408704,,,artifacts/experiment-004/local-large/registrations/2000/S01-2000-mated.npz,20feede04548a9f5e574e0eb81e89f1f446da6dafbd1d7f0eb51176a55d16243
S01-2000,1,2000,non_mated,OK,OK,00001809,1,2,INVALID,VALIDITY_THRESHOLDS_NOT_MET,30,5,0.16666666666666666,0.8525856733322144,3.3836660385131836,0.17167466442010873,0.3148717258848526,,,artifacts/experiment-004/local-large/registrations/2000/S01-2000-non_mated.npz,67d4771c8d9eddac813d8e55c1344a1f214c80377c008b05bf412dd1d73da01a
S02-2000,2,2000,mated,OK,OK,00001718,1,1,AMBIGUOUS,VALIDITY_THRESHOLDS_NOT_MET,61,8,0.13114754098360656,1.641355276107788,3.164367914199829,0.5783900765914024,0.17333860285208588,,,artifacts/experiment-004/local-large/registrations/2000/S02-2000-mated.npz,9fb7d66bd6066befe9e544bf3d8abd452ef322f2597afa84702b174ab07e1efa
S02-2000,2,2000,non_mated,OK,OK,00001718,1,2,AMBIGUOUS,VALIDITY_THRESHOLDS_NOT_MET,56,6,0.10714285714285714,1.392468810081482,3.059278964996338,0.419230476722298,0.08846889391856516,,,artifacts/experiment-004/local-large/registrations/2000/S02-2000-non_mated.npz,65ba56772c1971870e70dbdb6a7c728c8397905dcccf1178159bad04172af689
S03-2000,3,2000,mated,OK,OK,00001335,2,2,AMBIGUOUS,VALIDITY_THRESHOLDS_NOT_MET,51,20,0.39215686274509803,1.7970941066741943,3.780172348022461,0.22157226188830506,0.07935322270707336,,,artifacts/experiment-004/local-large/registrations/2000/S03-2000-mated.npz,2963343b0f5619471a0b5cb84f91778aac4e3c5a7f7966d516d8b93566336a75
S03-2000,3,2000,non_mated,OK,OK,00001335,2,3,INVALID,VALIDITY_THRESHOLDS_NOT_MET,19,4,0.21052631578947367,0.0,0.0,0.19322539346630097,0.19271190998225435,,,artifacts/experiment-004/local-large/registrations/2000/S03-2000-non_mated.npz,d25b2cabd9a50c203c171d453d328eb991a738ed903000ed0e562e095e8ad3dc
S04-2000,4,2000,mated,OK,OK,00001593,2,2,INVALID,VALIDITY_THRESHOLDS_NOT_MET,27,5,0.18518518518518517,0.0,0.0,0.09121535752377247,0.11178666766373563,,,artifacts/experiment-004/local-large/registrations/2000/S04-2000-mated.npz,fe578187569ead4d6f575c1e7f6d23aeeab608a8cb1c96ac857724242887913f
S04-2000,4,2000,non_mated,OK,OK,00001593,2,3,INVALID,VALIDITY_THRESHOLDS_NOT_MET,16,4,0.25,0.0,0.0,0.38846204426388053,0.07401357517278696,,,artifacts/experiment-004/local-large/registrations/2000/S04-2000-non_mated.npz,dad3eef04fabaf312655aad41adc677ea9dd4d796b722466cf8d254b7242eb39
S05-2000,5,2000,mated,OK,OK,00001314,3,3,INVALID,VALIDITY_THRESHOLDS_NOT_MET,11,4,0.36363636363636365,0.0,0.0,0.06615367496602499,0.06633350434110943,,,artifacts/experiment-004/local-large/registrations/2000/S05-2000-mated.npz,04a1752c36651ca94d2a5387b3e4f662690db84594f2528fd7027fecc3515b3d
S05-2000,5,2000,non_mated,OK,OK,00001314,3,4,INVALID,VALIDITY_THRESHOLDS_NOT_MET,5,4,0.8,0.0,0.0,0.3536805299120792,0.24482041804760216,,,artifacts/experiment-004/local-large/registrations/2000/S05-2000-non_mated.npz,741d0fa363fef4f1cfccfaf8faddea53b663322458fdc41c8168c343f7542dca
S06-2000,6,2000,mated,OK,OK,00001267,3,3,AMBIGUOUS,VALIDITY_THRESHOLDS_NOT_MET,34,18,0.5294117647058824,1.5189919471740723,2.88339900970459,0.09331306848912356,0.03671312419053488,,,artifacts/experiment-004/local-large/registrations/2000/S06-2000-mated.npz,d5cef8dd97765be76ce5dc05546388fc5d085f6d86cb0f295f152fae31bf2f57
S06-2000,6,2000,non_mated,OK,OK,00001267,3,4,INVALID,VALIDITY_THRESHOLDS_NOT_MET,24,5,0.20833333333333334,0.8079261183738708,2.515486240386963,0.21048367512361987,0.004694840245521438,,,artifacts/experiment-004/local-large/registrations/2000/S06-2000-non_mated.npz,115bf6fd3f333afcfbc8e0e2fdacecadeb7f1d87d638ea28c709265953328936
S07-2000,7,2000,mated,OK,OK,00001061,4,4,INVALID,VALIDITY_THRESHOLDS_NOT_MET,24,5,0.20833333333333334,1.018510103225708,2.9677226543426514,0.07567119770013774,0.020928125296779183,,,artifacts/experiment-004/local-large/registrations/2000/S07-2000-mated.npz,bb51634f458ce15fe52d6f70d57b2cdef7aded0b7aaf083e8c39c31820031f93
S07-2000,7,2000,non_mated,OK,OK,00001061,4,5,INVALID,VALIDITY_THRESHOLDS_NOT_MET,9,4,0.4444444444444444,0.0,0.0,0.15810697743950508,0.47256741932675816,,,artifacts/experiment-004/local-large/registrations/2000/S07-2000-non_mated.npz,1f9ef159b009c4af58e89134fcdfcd5071d44afdf16e213f6ec1eb6e5389618b
S08-2000,8,2000,mated,OK,OK,00001050,4,4,INVALID,VALIDITY_THRESHOLDS_NOT_MET,15,4,0.26666666666666666,0.0,0.0,0.18099601658806194,0.0847191990966149,,,artifacts/experiment-004/local-large/registrations/2000/S08-2000-mated.npz,4f2a3899959af368fa75f40a7aeb5f80612bb8001280bea1af83a9795b1787b7
S08-2000,8,2000,non_mated,OK,OK,00001050,4,5,INVALID,VALIDITY_THRESHOLDS_NOT_MET,15,4,0.26666666666666666,0.0,0.0,0.19163968231478531,0.19497022504865327,,,artifacts/experiment-004/local-large/registrations/2000/S08-2000-non_mated.npz,aff9725c705496fdaeb38ac3318664d244e04a67c53450c8bc583e8b8485afc1
S09-2000,9,2000,mated,OK,OK,00001187,5,5,AMBIGUOUS,VALIDITY_THRESHOLDS_NOT_MET,31,10,0.3225806451612903,1.324544906616211,2.1026837825775146,0.1295172330152533,0.049805917130247464,,,artifacts/experiment-004/local-large/registrations/2000/S09-2000-mated.npz,83abb688e700c1c3e4754635f24d2b4c978e1147381a1210b7c368810dc084c0
S09-2000,9,2000,non_mated,OK,OK,00001187,5,6,INVALID,VALIDITY_THRESHOLDS_NOT_MET,19,5,0.2631578947368421,0.0,0.0,0.3505924890354889,0.29571967790826303,,,artifacts/experiment-004/local-large/registrations/2000/S09-2000-non_mated.npz,d7c2fcc42d9a6d6ed8570a3ed475e928f868e5c06fe7acf63ac5f8a96a9759fc
S10-2000,10,2000,mated,OK,OK,00001668,5,5,INVALID,VALIDITY_THRESHOLDS_NOT_MET,23,4,0.17391304347826086,0.0,0.0,0.22628336663293974,0.2542885725090529,,,artifacts/experiment-004/local-large/registrations/2000/S10-2000-mated.npz,7a2bba66bf43a556b9d807d949245806b05b980caa9226618e2bbccd36dcc1c5
S10-2000,10,2000,non_mated,OK,OK,00001668,5,6,AMBIGUOUS,VALIDITY_THRESHOLDS_NOT_MET,27,6,0.2222222222222222,1.7454547882080078,2.0119805335998535,0.4940256607234934,0.13322911617253078,,,artifacts/experiment-004/local-large/registrations/2000/S10-2000-non_mated.npz,de830ba6b735b556c782336ec3569787e131fd18c16229dd10b2c1ed97b2c78a
S11-2000,11,2000,mated,OK,OK,00001595,6,6,AMBIGUOUS,VALIDITY_THRESHOLDS_NOT_MET,101,35,0.3465346534653465,1.8482699394226074,4.5581889152526855,0.05631370429780496,0.038440609134643054,,,artifacts/experiment-004/local-large/registrations/2000/S11-2000-mated.npz,8441f5b8df0de47070fc5df3047f6201d8766a3d6fb4238fd64c3aa98937b2c6
S11-2000,11,2000,non_mated,OK,OK,00001595,6,7,INVALID,VALIDITY_THRESHOLDS_NOT_MET,32,5,0.15625,0.7119473218917847,1.1587022542953491,0.03514608112840549,0.02164378832365277,,,artifacts/experiment-004/local-large/registrations/2000/S11-2000-non_mated.npz,5685caffa666a843a399b435c0e38620350baecb893c9b072f80fe0bbe9017de
S12-2000,12,2000,mated,OK,OK,00001159,6,6,AMBIGUOUS,VALIDITY_THRESHOLDS_NOT_MET,61,25,0.4098360655737705,2.2382612228393555,4.649808883666992,0.08038698370542358,0.0459609670357429,,,artifacts/experiment-004/local-large/registrations/2000/S12-2000-mated.npz,c29f963f78efc765212bfe4324115471f12c4462a3cafdcc7ddbcc967a1bdda3
S12-2000,12,2000,non_mated,OK,OK,00001159,6,7,AMBIGUOUS,VALIDITY_THRESHOLDS_NOT_MET,35,6,0.17142857142857143,0.9248232245445251,2.2928214073181152,0.19690747167175549,0.3826271245316885,,,artifacts/experiment-004/local-large/registrations/2000/S12-2000-non_mated.npz,c028848f8a1eae1950500e5ceab85e59db41605320a69c4601ef5f1874ec7246
S13-2000,13,2000,mated,OK,OK,00001741,7,7,AMBIGUOUS,VALIDITY_THRESHOLDS_NOT_MET,35,13,0.37142857142857144,1.6163098812103271,2.9529829025268555,0.06982518116377413,0.023622686301293126,,,artifacts/experiment-004/local-large/registrations/2000/S13-2000-mated.npz,a1d358ac204cb3f049822d9f55348052131c5334d738736703f0544003cff213
S13-2000,13,2000,non_mated,OK,OK,00001741,7,8,INVALID,VALIDITY_THRESHOLDS_NOT_MET,20,4,0.2,0.0,0.0,0.22445633294013392,0.0863759140769886,,,artifacts/experiment-004/local-large/registrations/2000/S13-2000-non_mated.npz,f861f346d6440d028ea64a5239a828df866073ee6008349e3bf3d8ab744ce04c
S14-2000,14,2000,mated,OK,OK,00001411,7,7,AMBIGUOUS,VALIDITY_THRESHOLDS_NOT_MET,158,75,0.47468354430379744,2.3819034099578857,4.635810852050781,0.1957760453974366,0.07789819681432808,,,artifacts/experiment-004/local-large/registrations/2000/S14-2000-mated.npz,e52ddf0e830033e5c1c51e55376454a61dc0b56415f10a0b0ce016329b71747a
S14-2000,14,2000,non_mated,OK,OK,00001411,7,8,INVALID,VALIDITY_THRESHOLDS_NOT_MET,38,5,0.13157894736842105,0.0,0.0,0.0575964663043511,0.1403115814942164,,,artifacts/experiment-004/local-large/registrations/2000/S14-2000-non_mated.npz,3c77dbefcd209d1032f38b4d5f0e1c6774817b98615d875c2b8cbe4f5f187ee8
S15-2000,15,2000,mated,OK,OK,00001234,8,8,INVALID,VALIDITY_THRESHOLDS_NOT_MET,15,4,0.26666666666666666,0.0,0.0,0.08164971255208753,0.031222698666429703,,,artifacts/experiment-004/local-large/registrations/2000/S15-2000-mated.npz,4aafb3253082f2864ec3a12750716cff1c5ed55acb75e762b3d574aeaee2cf4e
S15-2000,15,2000,non_mated,OK,OK,00001234,8,9,INVALID,VALIDITY_THRESHOLDS_NOT_MET,13,4,0.3076923076923077,0.0,0.0,0.34159661853577594,0.2015019768528776,,,artifacts/experiment-004/local-large/registrations/2000/S15-2000-non_mated.npz,9e897ce8bbcbb6a149b73fb707170c56c9c1babeaf54637d9a21f305c2a2fc78
S16-2000,16,2000,mated,OK,OK,00001711,8,8,VALID,ALL_VALIDITY_THRESHOLDS_MET,130,74,0.5692307692307692,2.4599356651306152,4.692475318908691,0.24696301428803133,0.1158858984636264,181545,215306,artifacts/experiment-004/local-large/registrations/2000/S16-2000-mated.npz,71e518ea53e6cccd13318cc2b9495c221a12906e72d7a8c218c38c217e7a99a1
S16-2000,16,2000,non_mated,OK,OK,00001711,8,9,AMBIGUOUS,VALIDITY_THRESHOLDS_NOT_MET,39,6,0.15384615384615385,1.1982641220092773,1.7366509437561035,0.49574656363974484,0.37815078688923087,,,artifacts/experiment-004/local-large/registrations/2000/S16-2000-non_mated.npz,af7cbf611e060a6f6115392a47a09d7c6e91c0e264ee833d4eaac0ae4137a1f2
S17-2000,17,2000,mated,OK,OK,00001036,9,9,AMBIGUOUS,VALIDITY_THRESHOLDS_NOT_MET,28,8,0.2857142857142857,1.6378450393676758,2.8603830337524414,0.06510096678671226,0.06700927856614035,,,artifacts/experiment-004/local-large/registrations/2000/S17-2000-mated.npz,07a7765dad7087b7cb43a8711b296a0949b05999d02abf6546303a1a5d74f5f8
S17-2000,17,2000,non_mated,OK,OK,00001036,9,10,INVALID,VALIDITY_THRESHOLDS_NOT_MET,25,5,0.2,2.0904457569122314,2.5941781997680664,0.10640966346176813,0.10243391098256342,,,artifacts/experiment-004/local-large/registrations/2000/S17-2000-non_mated.npz,914dff260d3010c34ff577f739e28b83aac3a0b6d5152d1f44a7c4c03139596b
S18-2000,18,2000,mated,OK,OK,00001580,9,9,VALID,ALL_VALIDITY_THRESHOLDS_MET,91,43,0.4725274725274725,1.8676986694335938,4.188307762145996,0.1894678632765358,0.08121258030321621,176152,171874,artifacts/experiment-004/local-large/registrations/2000/S18-2000-mated.npz,fbe30357458f4c217a8501ac3b20ad9781a15f12d8679740216a6ed47e763085
S18-2000,18,2000,non_mated,OK,OK,00001580,9,10,INVALID,VALIDITY_THRESHOLDS_NOT_MET,26,5,0.19230769230769232,0.7611663937568665,0.9252495765686035,0.34146848259054874,0.055291062251884585,,,artifacts/experiment-004/local-large/registrations/2000/S18-2000-non_mated.npz,84765fd1ec702922c641434c7ef1f5b05a33d9eb1da070f27246c95142734e6c
S19-2000,19,2000,mated,OK,OK,00001085,10,10,INVALID,VALIDITY_THRESHOLDS_NOT_MET,9,4,0.4444444444444444,0.0,0.0,0.1958379848039372,0.11732005195710252,,,artifacts/experiment-004/local-large/registrations/2000/S19-2000-mated.npz,a6bdd01b40a5ace5e9aa12ef4366aacd085480de00e975ac6a999c48d88fa81c
S19-2000,19,2000,non_mated,OK,OK,00001085,10,1,INVALID,VALIDITY_THRESHOLDS_NOT_MET,12,4,0.3333333333333333,0.0,0.0,0.04482912208086759,0.12975416970997336,,,artifacts/experiment-004/local-large/registrations/2000/S19-2000-non_mated.npz,4229579cd344ed034e95ee0f74ee6e9fd58237d3ef8d410e6fea52095fdec212
S20-2000,20,2000,mated,OK,OK,00001027,10,10,AMBIGUOUS,VALIDITY_THRESHOLDS_NOT_MET,21,7,0.3333333333333333,1.0963712930679321,2.3998446464538574,0.14307564228281305,0.042290397452259196,,,artifacts/experiment-004/local-large/registrations/2000/S20-2000-mated.npz,c1e3d47c1786787032481fbcf191b4672ab76e2461db21f04048ab90680636e4
S20-2000,20,2000,non_mated,OK,OK,00001027,10,1,INVALID,VALIDITY_THRESHOLDS_NOT_MET,17,4,0.23529411764705882,0.0,0.0,0.11596260723238777,0.37022579475720074,,,artifacts/experiment-004/local-large/registrations/2000/S20-2000-non_mated.npz,a8b24c4ea525d791f8246e8fb28720d41155c2bdea8391b19de560827406920b
S01-1000x2000,1,1000x2000,cross_resolution_plain,PREPROCESSING_FAILURE,PREPROCESSING_FAILURE,00001809,1,1,INVALID,PREPROCESSING_FAILURE,0,0,,,,,,,,artifacts/experiment-004/local-large/registrations/cross-resolution/S01-plain.npz,2153f68faac9b57137632316361f4f0daaad9f303d0a8d37883b0b85baef282c
S01-1000x2000,1,1000x2000,cross_resolution_roll,PREPROCESSING_FAILURE,PREPROCESSING_FAILURE,00001809,1,1,INVALID,PREPROCESSING_FAILURE,0,0,,,,,,,,artifacts/experiment-004/local-large/registrations/cross-resolution/S01-roll.npz,6d3b546c018e16525843957be5d3fcdd4482f1b83f5f64e9d375b746c2f004d3
S02-1000x2000,2,1000x2000,cross_resolution_plain,PREPROCESSING_FAILURE,PREPROCESSING_FAILURE,00001718,1,1,INVALID,PREPROCESSING_FAILURE,0,0,,,,,,,,artifacts/experiment-004/local-large/registrations/cross-resolution/S02-plain.npz,7f4eea52561520835f070fd4190b44e11265e663db29d810a1c567fa1169ed0f
S02-1000x2000,2,1000x2000,cross_resolution_roll,PREPROCESSING_FAILURE,PREPROCESSING_FAILURE,00001718,1,1,INVALID,PREPROCESSING_FAILURE,0,0,,,,,,,,artifacts/experiment-004/local-large/registrations/cross-resolution/S02-roll.npz,00fcbc770be987d48c3d4b251203d1168b747d653fd119bc9c68c51d98be9632
S03-1000x2000,3,1000x2000,cross_resolution_plain,PREPROCESSING_FAILURE,PREPROCESSING_FAILURE,00001335,2,2,INVALID,PREPROCESSING_FAILURE,0,0,,,,,,,,artifacts/experiment-004/local-large/registrations/cross-resolution/S03-plain.npz,394167df20ef8f384943c5a5ded04a287ac9c635a34dbdafb2339f246ee5569f
S03-1000x2000,3,1000x2000,cross_resolution_roll,PREPROCESSING_FAILURE,PREPROCESSING_FAILURE,00001335,2,2,INVALID,PREPROCESSING_FAILURE,0,0,,,,,,,,artifacts/experiment-004/local-large/registrations/cross-resolution/S03-roll.npz,7d6e831e4f836107a4315065f2cd08ef77befa72976ab97a3d7654838644315b
S04-1000x2000,4,1000x2000,cross_resolution_plain,PREPROCESSING_FAILURE,PREPROCESSING_FAILURE,00001593,2,2,INVALID,PREPROCESSING_FAILURE,0,0,,,,,,,,artifacts/experiment-004/local-large/registrations/cross-resolution/S04-plain.npz,64fc6963e025316cd3b411d836946a0d559da9391a66b1bdbdf2fdd39a96eb84
S04-1000x2000,4,1000x2000,cross_resolution_roll,PREPROCESSING_FAILURE,PREPROCESSING_FAILURE,00001593,2,2,INVALID,PREPROCESSING_FAILURE,0,0,,,,,,,,artifacts/experiment-004/local-large/registrations/cross-resolution/S04-roll.npz,8c004f00548bd130d70e141b25bb75c924c14237ca9a18bb09dd63d5123a4b9b
S05-1000x2000,5,1000x2000,cross_resolution_plain,PREPROCESSING_FAILURE,OK,00001314,3,3,VALID,ALL_VALIDITY_THRESHOLDS_MET,4745,4742,0.9993677555321391,0.16938968002796173,0.41649627685546875,1.3891927123683017,1.3739327682589082,738729,708937,artifacts/experiment-004/local-large/registrations/cross-resolution/S05-plain.npz,917ead03eff8c53bc8c7737253d1af8b32afb16f8ac20012eaa4643f39e2c519
S05-1000x2000,5,1000x2000,cross_resolution_roll,PREPROCESSING_FAILURE,PREPROCESSING_FAILURE,00001314,3,3,INVALID,PREPROCESSING_FAILURE,0,0,,,,,,,,artifacts/experiment-004/local-large/registrations/cross-resolution/S05-roll.npz,4a24ce4a55d48c6d49079856385a57655298be5eeee549f31b907f8007a6930e
S06-1000x2000,6,1000x2000,cross_resolution_plain,PREPROCESSING_FAILURE,PREPROCESSING_FAILURE,00001267,3,3,INVALID,PREPROCESSING_FAILURE,0,0,,,,,,,,artifacts/experiment-004/local-large/registrations/cross-resolution/S06-plain.npz,c2fff2c53d6a39bc72922540fad546d7b1955d8e0628e7f3919d321e715b9466
S06-1000x2000,6,1000x2000,cross_resolution_roll,PREPROCESSING_FAILURE,PREPROCESSING_FAILURE,00001267,3,3,INVALID,PREPROCESSING_FAILURE,0,0,,,,,,,,artifacts/experiment-004/local-large/registrations/cross-resolution/S06-roll.npz,bf39fd45d0c17e2a2afaebe3855c293cc0a06ae45385050ef575698075b2cd5b
S07-1000x2000,7,1000x2000,cross_resolution_plain,OK,OK,00001061,4,4,VALID,ALL_VALIDITY_THRESHOLDS_MET,3034,3032,0.999340804218853,0.39096933603286743,0.6398142576217651,1.483032815992598,1.436049983062076,672017,649197,artifacts/experiment-004/local-large/registrations/cross-resolution/S07-plain.npz,6c508d504f2e26c25534e14c6da45dec2b6229781703eea0543647ff9b3d315d
S07-1000x2000,7,1000x2000,cross_resolution_roll,PREPROCESSING_FAILURE,PREPROCESSING_FAILURE,00001061,4,4,INVALID,PREPROCESSING_FAILURE,0,0,,,,,,,,artifacts/experiment-004/local-large/registrations/cross-resolution/S07-roll.npz,c1a10abcf8627923a90e93f1bc4d7b419efe71a42169483486499a74672e3aaf
S08-1000x2000,8,1000x2000,cross_resolution_plain,PREPROCESSING_FAILURE,PREPROCESSING_FAILURE,00001050,4,4,INVALID,PREPROCESSING_FAILURE,0,0,,,,,,,,artifacts/experiment-004/local-large/registrations/cross-resolution/S08-plain.npz,8518d38dcb27c6c21b5b0054969da1165689c87f466d69b052c59908f2774fd9
S08-1000x2000,8,1000x2000,cross_resolution_roll,OK,OK,00001050,4,4,VALID,ALL_VALIDITY_THRESHOLDS_MET,3159,3151,0.9974675530231086,0.842458188533783,1.928033471107483,1.4006504415910614,1.5205759583517162,536765,2338034,artifacts/experiment-004/local-large/registrations/cross-resolution/S08-roll.npz,38875d989b77338ab10b1f0f32a5425a71f487e772d66780c52cdbf494ac61c5
S09-1000x2000,9,1000x2000,cross_resolution_plain,PREPROCESSING_FAILURE,PREPROCESSING_FAILURE,00001187,5,5,INVALID,PREPROCESSING_FAILURE,0,0,,,,,,,,artifacts/experiment-004/local-large/registrations/cross-resolution/S09-plain.npz,ccfc8ff0f35c8236f3ee47c75818cd64da178a5c2ed1db506f62f6dd1512bdd5
S09-1000x2000,9,1000x2000,cross_resolution_roll,PREPROCESSING_FAILURE,PREPROCESSING_FAILURE,00001187,5,5,INVALID,PREPROCESSING_FAILURE,0,0,,,,,,,,artifacts/experiment-004/local-large/registrations/cross-resolution/S09-roll.npz,335542625b1c7bd13c8ebfaa991d83d8fcda5b68598279569e8fc279490a362e
S10-1000x2000,10,1000x2000,cross_resolution_plain,PREPROCESSING_FAILURE,PREPROCESSING_FAILURE,00001668,5,5,INVALID,PREPROCESSING_FAILURE,0,0,,,,,,,,artifacts/experiment-004/local-large/registrations/cross-resolution/S10-plain.npz,98434b30100365e94a4679c2f4a073bf6494c6e1b26a69665c93c2bb65d3162c
S10-1000x2000,10,1000x2000,cross_resolution_roll,PREPROCESSING_FAILURE,PREPROCESSING_FAILURE,00001668,5,5,INVALID,PREPROCESSING_FAILURE,0,0,,,,,,,,artifacts/experiment-004/local-large/registrations/cross-resolution/S10-roll.npz,a3fbb6a6d7f378480049f54f1d2c9ce0255702eb56f682a0f675b195618624d1
S11-1000x2000,11,1000x2000,cross_resolution_plain,PREPROCESSING_FAILURE,PREPROCESSING_FAILURE,00001595,6,6,INVALID,PREPROCESSING_FAILURE,0,0,,,,,,,,artifacts/experiment-004/local-large/registrations/cross-resolution/S11-plain.npz,5aecf381a08bf574f138fae1483d8607e66c4981618acec5466d580223f89f66
S11-1000x2000,11,1000x2000,cross_resolution_roll,PREPROCESSING_FAILURE,PREPROCESSING_FAILURE,00001595,6,6,INVALID,PREPROCESSING_FAILURE,0,0,,,,,,,,artifacts/experiment-004/local-large/registrations/cross-resolution/S11-roll.npz,ad74617eba4f7a8f7dd6ca3636a747ab6a6518ca680b74505160a4df182b86a0
S12-1000x2000,12,1000x2000,cross_resolution_plain,OK,OK,00001159,6,6,VALID,ALL_VALIDITY_THRESHOLDS_MET,4806,4797,0.99812734082397,0.5426333546638489,1.056175947189331,1.6455263330371959,1.6518776676453812,1287753,1512695,artifacts/experiment-004/local-large/registrations/cross-resolution/S12-plain.npz,e0b97d215977f857ce13634e50b3326f344b28d3791c67f994425e1077191dd7
S12-1000x2000,12,1000x2000,cross_resolution_roll,PREPROCESSING_FAILURE,PREPROCESSING_FAILURE,00001159,6,6,INVALID,PREPROCESSING_FAILURE,0,0,,,,,,,,artifacts/experiment-004/local-large/registrations/cross-resolution/S12-roll.npz,b71caa75a3e501de5ddf573b955766fff212bad2a8a14d33fae1fafb9073846c
S13-1000x2000,13,1000x2000,cross_resolution_plain,PREPROCESSING_FAILURE,OK,00001741,7,7,VALID,ALL_VALIDITY_THRESHOLDS_MET,5433,5430,0.9994478188845941,0.2850891053676605,0.5796405076980591,1.5954539868411266,1.5807449448556024,1186882,1190488,artifacts/experiment-004/local-large/registrations/cross-resolution/S13-plain.npz,f372969df52184142800bc2875635577f6ab17bb7efe1507ac7690155bd43b5b
S13-1000x2000,13,1000x2000,cross_resolution_roll,PREPROCESSING_FAILURE,PREPROCESSING_FAILURE,00001741,7,7,INVALID,PREPROCESSING_FAILURE,0,0,,,,,,,,artifacts/experiment-004/local-large/registrations/cross-resolution/S13-roll.npz,97d41789afad9337aa38b77988943ed90afa4f113542583a61f47dfb309fe840
S14-1000x2000,14,1000x2000,cross_resolution_plain,PREPROCESSING_FAILURE,PREPROCESSING_FAILURE,00001411,7,7,INVALID,PREPROCESSING_FAILURE,0,0,,,,,,,,artifacts/experiment-004/local-large/registrations/cross-resolution/S14-plain.npz,a85ba29805ccdd08bcc9766c4e5ddbfd53b7dd54cfb0bc68bfb691b996e59315
S14-1000x2000,14,1000x2000,cross_resolution_roll,PREPROCESSING_FAILURE,PREPROCESSING_FAILURE,00001411,7,7,INVALID,PREPROCESSING_FAILURE,0,0,,,,,,,,artifacts/experiment-004/local-large/registrations/cross-resolution/S14-roll.npz,44f5f7526b817d03c313e3bfbf4b54f94ef4fc017b9abdf833e08fca824cac01
S15-1000x2000,15,1000x2000,cross_resolution_plain,PREPROCESSING_FAILURE,PREPROCESSING_FAILURE,00001234,8,8,INVALID,PREPROCESSING_FAILURE,0,0,,,,,,,,artifacts/experiment-004/local-large/registrations/cross-resolution/S15-plain.npz,c3c823c719c579e94a6b8641610158e1d5300ef10888e0ec847516f53c9ef8fe
S15-1000x2000,15,1000x2000,cross_resolution_roll,PREPROCESSING_FAILURE,PREPROCESSING_FAILURE,00001234,8,8,INVALID,PREPROCESSING_FAILURE,0,0,,,,,,,,artifacts/experiment-004/local-large/registrations/cross-resolution/S15-roll.npz,019defac7488d3aff65ad1de4c963fc8571adacdaccb77eddd4e48c14fbe5e7d
S16-1000x2000,16,1000x2000,cross_resolution_plain,PREPROCESSING_FAILURE,PREPROCESSING_FAILURE,00001711,8,8,INVALID,PREPROCESSING_FAILURE,0,0,,,,,,,,artifacts/experiment-004/local-large/registrations/cross-resolution/S16-plain.npz,5490e2e9809f868608dfe4f19a3caffcaa8dd86e103c1b7a96fe2e76e73d59de
S16-1000x2000,16,1000x2000,cross_resolution_roll,PREPROCESSING_FAILURE,PREPROCESSING_FAILURE,00001711,8,8,INVALID,PREPROCESSING_FAILURE,0,0,,,,,,,,artifacts/experiment-004/local-large/registrations/cross-resolution/S16-roll.npz,ccb1d34eddf2ccea0099f5cd44583bac1230cd83ecba8a25e16a46f875f09e10
S17-1000x2000,17,1000x2000,cross_resolution_plain,PREPROCESSING_FAILURE,PREPROCESSING_FAILURE,00001036,9,9,INVALID,PREPROCESSING_FAILURE,0,0,,,,,,,,artifacts/experiment-004/local-large/registrations/cross-resolution/S17-plain.npz,5753ae8411b694ac8f5d20e6f9affdc89738d4538040ae59a46b09ca0ef0f21b
S17-1000x2000,17,1000x2000,cross_resolution_roll,PREPROCESSING_FAILURE,PREPROCESSING_FAILURE,00001036,9,9,INVALID,PREPROCESSING_FAILURE,0,0,,,,,,,,artifacts/experiment-004/local-large/registrations/cross-resolution/S17-roll.npz,a551569fcacc9db1fde55dfe47f532bd5e3b54b15e662132959f510917db09c9
S18-1000x2000,18,1000x2000,cross_resolution_plain,PREPROCESSING_FAILURE,PREPROCESSING_FAILURE,00001580,9,9,INVALID,PREPROCESSING_FAILURE,0,0,,,,,,,,artifacts/experiment-004/local-large/registrations/cross-resolution/S18-plain.npz,e4ebf666e1e3239462625f8bed70943a566f8fbc6a0b2a7f480eb84b0c74e71d
S18-1000x2000,18,1000x2000,cross_resolution_roll,PREPROCESSING_FAILURE,PREPROCESSING_FAILURE,00001580,9,9,INVALID,PREPROCESSING_FAILURE,0,0,,,,,,,,artifacts/experiment-004/local-large/registrations/cross-resolution/S18-roll.npz,c1a10abcf8627923a90e93f1bc4d7b419efe71a42169483486499a74672e3aaf
S19-1000x2000,19,1000x2000,cross_resolution_plain,OK,OK,00001085,10,10,VALID,ALL_VALIDITY_THRESHOLDS_MET,421,413,0.9809976247030879,0.9153552651405334,2.0960280895233154,1.1382370263067056,0.7619480177576607,63953,314013,artifacts/experiment-004/local-large/registrations/cross-resolution/S19-plain.npz,df61bb956bfb8b824e2a1ba0fb39550c41f868205b43bf5fbbf1bf259cfd7817
S19-1000x2000,19,1000x2000,cross_resolution_roll,PREPROCESSING_FAILURE,PREPROCESSING_FAILURE,00001085,10,10,INVALID,PREPROCESSING_FAILURE,0,0,,,,,,,,artifacts/experiment-004/local-large/registrations/cross-resolution/S19-roll.npz,33d854ebed9c9eaace21450db525cc6dcd9e1657090b57b078ad24c5a1089d0d
S20-1000x2000,20,1000x2000,cross_resolution_plain,PREPROCESSING_FAILURE,PREPROCESSING_FAILURE,00001027,10,10,INVALID,PREPROCESSING_FAILURE,0,0,,,,,,,,artifacts/experiment-004/local-large/registrations/cross-resolution/S20-plain.npz,67aefc5baf44fccfdd58a231e8ec6036c82880a70e30e3d20d4b99777c9b5c4d
S20-1000x2000,20,1000x2000,cross_resolution_roll,PREPROCESSING_FAILURE,PREPROCESSING_FAILURE,00001027,10,10,INVALID,PREPROCESSING_FAILURE,0,0,,,,,,,,artifacts/experiment-004/local-large/registrations/cross-resolution/S20-roll.npz,53c3182095a3a5d6b15d43cee84221f720d93b514c1b6717f5fbb677f6cb1df2
