record_id,sample_index,subject_id,anatomical_position,ppi,seed,frozen_mated_pair,frozen_non_mated_pair,mated_registration_status,non_mated_registration_status,mated_score_status,non_mated_score_status,mated_repeatability,non_mated_repeatability,delta,mated_matches,mated_plain_in_overlap,mated_roll_in_overlap,non_mated_matches,non_mated_plain_in_overlap,non_mated_roll_in_overlap,plain_detections,plain_detections_per_megapixel,plain_detections_per_estimated_ridge_megapixel,mated_roll_detections,mated_roll_detections_per_megapixel,mated_roll_detections_per_estimated_ridge_megapixel,non_mated_roll_detections,non_mated_roll_detections_per_megapixel,non_mated_roll_detections_per_estimated_ridge_megapixel
S01-1000,1,00001809,1,1000,40401,PREPROCESSING_FAILURE,PREPROCESSING_FAILURE,INVALID,INVALID,REGISTRATION_INVALID,REGISTRATION_INVALID,,,,,,,,,,0,,,0,,,0,,
S02-1000,2,00001718,1,1000,40401,PREPROCESSING_FAILURE,PREPROCESSING_FAILURE,INVALID,INVALID,REGISTRATION_INVALID,REGISTRATION_INVALID,,,,,,,,,,0,,,0,,,0,,
S03-1000,3,00001335,2,1000,40401,PREPROCESSING_FAILURE,PREPROCESSING_FAILURE,INVALID,INVALID,REGISTRATION_INVALID,REGISTRATION_INVALID,,,,,,,,,,0,,,0,,,0,,
S04-1000,4,00001593,2,1000,40401,PREPROCESSING_FAILURE,PREPROCESSING_FAILURE,INVALID,INVALID,REGISTRATION_INVALID,REGISTRATION_INVALID,,,,,,,,,,0,,,0,,,0,,
S05-1000,5,00001314,3,1000,40401,PREPROCESSING_FAILURE,PREPROCESSING_FAILURE,INVALID,INVALID,REGISTRATION_INVALID,REGISTRATION_INVALID,,,,,,,,,,933,854.6703198555579,1247.6848291955575,0,,,0,,
S06-1000,6,00001267,3,1000,40401,PREPROCESSING_FAILURE,PREPROCESSING_FAILURE,INVALID,INVALID,REGISTRATION_INVALID,REGISTRATION_INVALID,,,,,,,,,,0,,,0,,,0,,
S07-1000,7,00001061,4,1000,40401,PREPROCESSING_FAILURE,PREPROCESSING_FAILURE,INVALID,INVALID,REGISTRATION_INVALID,REGISTRATION_INVALID,,,,,,,,,,1028,942.1166465046374,1526.6041966765172,0,,,0,,
S08-1000,8,00001050,4,1000,40401,PREPROCESSING_FAILURE,PREPROCESSING_FAILURE,INVALID,INVALID,REGISTRATION_INVALID,REGISTRATION_INVALID,,,,,,,,,,0,,,592,634.5939456307349,974.136030198217,0,,
S09-1000,9,00001187,5,1000,40401,PREPROCESSING_FAILURE,PREPROCESSING_FAILURE,INVALID,INVALID,REGISTRATION_INVALID,REGISTRATION_INVALID,,,,,,,,,,0,,,0,,,0,,
S10-1000,10,00001668,5,1000,40401,PREPROCESSING_FAILURE,PREPROCESSING_FAILURE,INVALID,INVALID,REGISTRATION_INVALID,REGISTRATION_INVALID,,,,,,,,,,0,,,0,,,0,,
S11-1000,11,00001595,6,1000,40401,PREPROCESSING_FAILURE,PREPROCESSING_FAILURE,INVALID,INVALID,REGISTRATION_INVALID,REGISTRATION_INVALID,,,,,,,,,,0,,,0,,,0,,
S12-1000,12,00001159,6,1000,40401,PREPROCESSING_FAILURE,PREPROCESSING_FAILURE,INVALID,INVALID,REGISTRATION_INVALID,REGISTRATION_INVALID,,,,,,,,,,1459,577.3790867675319,1116.8676875403803,0,,,0,,
S13-1000,13,00001741,7,1000,40401,PREPROCESSING_FAILURE,PREPROCESSING_FAILURE,INVALID,INVALID,REGISTRATION_INVALID,REGISTRATION_INVALID,,,,,,,,,,1365,700.4835132352896,1149.5995351070012,0,,,0,,
S14-1000,14,00001411,7,1000,40401,PREPROCESSING_FAILURE,PREPROCESSING_FAILURE,INVALID,INVALID,REGISTRATION_INVALID,REGISTRATION_INVALID,,,,,,,,,,0,,,0,,,0,,
S15-1000,15,00001234,8,1000,40401,PREPROCESSING_FAILURE,PREPROCESSING_FAILURE,INVALID,INVALID,REGISTRATION_INVALID,REGISTRATION_INVALID,,,,,,,,,,0,,,0,,,0,,
S16-1000,16,00001711,8,1000,40401,PREPROCESSING_FAILURE,PREPROCESSING_FAILURE,INVALID,INVALID,REGISTRATION_INVALID,REGISTRATION_INVALID,,,,,,,,,,0,,,0,,,0,,
S17-1000,17,00001036,9,1000,40401,PREPROCESSING_FAILURE,PREPROCESSING_FAILURE,INVALID,INVALID,REGISTRATION_INVALID,REGISTRATION_INVALID,,,,,,,,,,0,,,0,,,636,482.59984732847596,1251.9906848743383
S18-1000,18,00001580,9,1000,40401,PREPROCESSING_FAILURE,PREPROCESSING_FAILURE,INVALID,INVALID,REGISTRATION_INVALID,REGISTRATION_INVALID,,,,,,,,,,0,,,0,,,0,,
S19-1000,19,00001085,10,1000,40401,PREPROCESSING_FAILURE,PREPROCESSING_FAILURE,INVALID,INVALID,REGISTRATION_INVALID,REGISTRATION_INVALID,,,,,,,,,,98,814.86716833659,1291.478875095543,0,,,0,,
S20-1000,20,00001027,10,1000,40401,PREPROCESSING_FAILURE,PREPROCESSING_FAILURE,INVALID,INVALID,REGISTRATION_INVALID,REGISTRATION_INVALID,,,,,,,,,,0,,,0,,,0,,
S01-1000,1,00001809,1,1000,40402,PREPROCESSING_FAILURE,PREPROCESSING_FAILURE,INVALID,INVALID,REGISTRATION_INVALID,REGISTRATION_INVALID,,,,,,,,,,0,,,0,,,0,,
S02-1000,2,00001718,1,1000,40402,PREPROCESSING_FAILURE,PREPROCESSING_FAILURE,INVALID,INVALID,REGISTRATION_INVALID,REGISTRATION_INVALID,,,,,,,,,,0,,,0,,,0,,
S03-1000,3,00001335,2,1000,40402,PREPROCESSING_FAILURE,PREPROCESSING_FAILURE,INVALID,INVALID,REGISTRATION_INVALID,REGISTRATION_INVALID,,,,,,,,,,0,,,0,,,0,,
S04-1000,4,00001593,2,1000,40402,PREPROCESSING_FAILURE,PREPROCESSING_FAILURE,INVALID,INVALID,REGISTRATION_INVALID,REGISTRATION_INVALID,,,,,,,,,,0,,,0,,,0,,
S05-1000,5,00001314,3,1000,40402,PREPROCESSING_FAILURE,PREPROCESSING_FAILURE,INVALID,INVALID,REGISTRATION_INVALID,REGISTRATION_INVALID,,,,,,,,,,1014,928.8699939266191,1356.004733981024,0,,,0,,
S06-1000,6,00001267,3,1000,40402,PREPROCESSING_FAILURE,PREPROCESSING_FAILURE,INVALID,INVALID,REGISTRATION_INVALID,REGISTRATION_INVALID,,,,,,,,,,0,,,0,,,0,,
S07-1000,7,00001061,4,1000,40402,PREPROCESSING_FAILURE,PREPROCESSING_FAILURE,INVALID,INVALID,REGISTRATION_INVALID,REGISTRATION_INVALID,,,,,,,,,,970,888.962205359434,1440.472831494379,0,,,0,,
S08-1000,8,00001050,4,1000,40402,PREPROCESSING_FAILURE,PREPROCESSING_FAILURE,INVALID,INVALID,REGISTRATION_INVALID,REGISTRATION_INVALID,,,,,,,,,,0,,,665,712.8462396020924,1094.2575339219836,0,,
S09-1000,9,00001187,5,1000,40402,PREPROCESSING_FAILURE,PREPROCESSING_FAILURE,INVALID,INVALID,REGISTRATION_INVALID,REGISTRATION_INVALID,,,,,,,,,,0,,,0,,,0,,
S10-1000,10,00001668,5,1000,40402,PREPROCESSING_FAILURE,PREPROCESSING_FAILURE,INVALID,INVALID,REGISTRATION_INVALID,REGISTRATION_INVALID,,,,,,,,,,0,,,0,,,0,,
S11-1000,11,00001595,6,1000,40402,PREPROCESSING_FAILURE,PREPROCESSING_FAILURE,INVALID,INVALID,REGISTRATION_INVALID,REGISTRATION_INVALID,,,,,,,,,,0,,,0,,,0,,
S12-1000,12,00001159,6,1000,40402,PREPROCESSING_FAILURE,PREPROCESSING_FAILURE,INVALID,INVALID,REGISTRATION_INVALID,REGISTRATION_INVALID,,,,,,,,,,1830,724.1972095850468,1400.8689980801205,0,,,0,,
S13-1000,13,00001741,7,1000,40402,PREPROCESSING_FAILURE,PREPROCESSING_FAILURE,INVALID,INVALID,REGISTRATION_INVALID,REGISTRATION_INVALID,,,,,,,,,,1684,864.1862536910093,1418.2605253627764,0,,,0,,
S14-1000,14,00001411,7,1000,40402,PREPROCESSING_FAILURE,PREPROCESSING_FAILURE,INVALID,INVALID,REGISTRATION_INVALID,REGISTRATION_INVALID,,,,,,,,,,0,,,0,,,0,,
S15-1000,15,00001234,8,1000,40402,PREPROCESSING_FAILURE,PREPROCESSING_FAILURE,INVALID,INVALID,REGISTRATION_INVALID,REGISTRATION_INVALID,,,,,,,,,,0,,,0,,,0,,
S16-1000,16,00001711,8,1000,40402,PREPROCESSING_FAILURE,PREPROCESSING_FAILURE,INVALID,INVALID,REGISTRATION_INVALID,REGISTRATION_INVALID,,,,,,,,,,0,,,0,,,0,,
S17-1000,17,00001036,9,1000,40402,PREPROCESSING_FAILURE,PREPROCESSING_FAILURE,INVALID,INVALID,REGISTRATION_INVALID,REGISTRATION_INVALID,,,,,,,,,,0,,,0,,,640,485.63506649406384,1259.8648401251205
S18-1000,18,00001580,9,1000,40402,PREPROCESSING_FAILURE,PREPROCESSING_FAILURE,INVALID,INVALID,REGISTRATION_INVALID,REGISTRATION_INVALID,,,,,,,,,,0,,,0,,,0,,
S19-1000,19,00001085,10,1000,40402,PREPROCESSING_FAILURE,PREPROCESSING_FAILURE,INVALID,INVALID,REGISTRATION_INVALID,REGISTRATION_INVALID,,,,,,,,,,49,407.433584168295,645.7394375477714,0,,,0,,
S20-1000,20,00001027,10,1000,40402,PREPROCESSING_FAILURE,PREPROCESSING_FAILURE,INVALID,INVALID,REGISTRATION_INVALID,REGISTRATION_INVALID,,,,,,,,,,0,,,0,,,0,,
S01-1000,1,00001809,1,1000,40403,PREPROCESSING_FAILURE,PREPROCESSING_FAILURE,INVALID,INVALID,REGISTRATION_INVALID,REGISTRATION_INVALID,,,,,,,,,,0,,,0,,,0,,
S02-1000,2,00001718,1,1000,40403,PREPROCESSING_FAILURE,PREPROCESSING_FAILURE,INVALID,INVALID,REGISTRATION_INVALID,REGISTRATION_INVALID,,,,,,,,,,0,,,0,,,0,,
S03-1000,3,00001335,2,1000,40403,PREPROCESSING_FAILURE,PREPROCESSING_FAILURE,INVALID,INVALID,REGISTRATION_INVALID,REGISTRATION_INVALID,,,,,,,,,,0,,,0,,,0,,
S04-1000,4,00001593,2,1000,40403,PREPROCESSING_FAILURE,PREPROCESSING_FAILURE,INVALID,INVALID,REGISTRATION_INVALID,REGISTRATION_INVALID,,,,,,,,,,0,,,0,,,0,,
S05-1000,5,00001314,3,1000,40403,PREPROCESSING_FAILURE,PREPROCESSING_FAILURE,INVALID,INVALID,REGISTRATION_INVALID,REGISTRATION_INVALID,,,,,,,,,,1021,935.2823114389331,1365.3657134069283,0,,,0,,
S06-1000,6,00001267,3,1000,40403,PREPROCESSING_FAILURE,PREPROCESSING_FAILURE,INVALID,INVALID,REGISTRATION_INVALID,REGISTRATION_INVALID,,,,,,,,,,0,,,0,,,0,,
S07-1000,7,00001061,4,1000,40403,PREPROCESSING_FAILURE,PREPROCESSING_FAILURE,INVALID,INVALID,REGISTRATION_INVALID,REGISTRATION_INVALID,,,,,,,,,,1016,931.1191759228711,1508.7839142250405,0,,,0,,
S08-1000,8,00001050,4,1000,40403,PREPROCESSING_FAILURE,PREPROCESSING_FAILURE,INVALID,INVALID,REGISTRATION_INVALID,REGISTRATION_INVALID,,,,,,,,,,0,,,579,620.6586056084384,952.7445295350805,0,,
S09-1000,9,00001187,5,1000,40403,PREPROCESSING_FAILURE,PREPROCESSING_FAILURE,INVALID,INVALID,REGISTRATION_INVALID,REGISTRATION_INVALID,,,,,,,,,,0,,,0,,,0,,
S10-1000,10,00001668,5,1000,40403,PREPROCESSING_FAILURE,PREPROCESSING_FAILURE,INVALID,INVALID,REGISTRATION_INVALID,REGISTRATION_INVALID,,,,,,,,,,0,,,0,,,0,,
S11-1000,11,00001595,6,1000,40403,PREPROCESSING_FAILURE,PREPROCESSING_FAILURE,INVALID,INVALID,REGISTRATION_INVALID,REGISTRATION_INVALID,,,,,,,,,,0,,,0,,,0,,
S12-1000,12,00001159,6,1000,40403,PREPROCESSING_FAILURE,PREPROCESSING_FAILURE,INVALID,INVALID,REGISTRATION_INVALID,REGISTRATION_INVALID,,,,,,,,,,1747,691.351106636654,1337.3323167464318,0,,,0,,
S13-1000,13,00001741,7,1000,40403,PREPROCESSING_FAILURE,PREPROCESSING_FAILURE,INVALID,INVALID,REGISTRATION_INVALID,REGISTRATION_INVALID,,,,,,,,,,1585,813.3819549288893,1334.8829766627082,0,,,0,,
S14-1000,14,00001411,7,1000,40403,PREPROCESSING_FAILURE,PREPROCESSING_FAILURE,INVALID,INVALID,REGISTRATION_INVALID,REGISTRATION_INVALID,,,,,,,,,,0,,,0,,,0,,
S15-1000,15,00001234,8,1000,40403,PREPROCESSING_FAILURE,PREPROCESSING_FAILURE,INVALID,INVALID,REGISTRATION_INVALID,REGISTRATION_INVALID,,,,,,,,,,0,,,0,,,0,,
S16-1000,16,00001711,8,1000,40403,PREPROCESSING_FAILURE,PREPROCESSING_FAILURE,INVALID,INVALID,REGISTRATION_INVALID,REGISTRATION_INVALID,,,,,,,,,,0,,,0,,,0,,
S17-1000,17,00001036,9,1000,40403,PREPROCESSING_FAILURE,PREPROCESSING_FAILURE,INVALID,INVALID,REGISTRATION_INVALID,REGISTRATION_INVALID,,,,,,,,,,0,,,0,,,545,413.54861131135124,1072.8536529190478
S18-1000,18,00001580,9,1000,40403,PREPROCESSING_FAILURE,PREPROCESSING_FAILURE,INVALID,INVALID,REGISTRATION_INVALID,REGISTRATION_INVALID,,,,,,,,,,0,,,0,,,0,,
S19-1000,19,00001085,10,1000,40403,PREPROCESSING_FAILURE,PREPROCESSING_FAILURE,INVALID,INVALID,REGISTRATION_INVALID,REGISTRATION_INVALID,,,,,,,,,,67,557.1030640668524,882.9498431775651,0,,,0,,
S20-1000,20,00001027,10,1000,40403,PREPROCESSING_FAILURE,PREPROCESSING_FAILURE,INVALID,INVALID,REGISTRATION_INVALID,REGISTRATION_INVALID,,,,,,,,,,0,,,0,,,0,,
S01-2000,1,00001809,1,2000,40401,OK,OK,AMBIGUOUS,INVALID,REGISTRATION_AMBIGUOUS,REGISTRATION_INVALID,,,,,,,,,,1062,342.6201017342965,732.0795609177052,2258,462.018801177841,785.2615654804858,1870,422.00948731489126,756.6273678997401
S02-2000,2,00001718,1,2000,40401,OK,OK,AMBIGUOUS,AMBIGUOUS,REGISTRATION_AMBIGUOUS,REGISTRATION_AMBIGUOUS,,,,,,,,,,1785,628.3096253514663,1103.6497108561416,2672,502.2798089532128,1083.6499048359094,2967,586.6212396036362,1522.580062463244
S03-2000,3,00001335,2,2000,40401,OK,OK,AMBIGUOUS,INVALID,REGISTRATION_AMBIGUOUS,REGISTRATION_INVALID,,,,,,,,,,1382,1081.7529720810674,1975.225357205642,3291,636.9167885923964,1669.191671996482,3374,642.7584893079963,1741.8859555153097
S04-2000,4,00001593,2,2000,40401,OK,OK,INVALID,INVALID,REGISTRATION_INVALID,REGISTRATION_INVALID,,,,,,,,,,760,550.8587598139837,912.3419457612713,3107,695.7824876900022,1017.6618539263831,3516,812.0407443060147,1234.2554326019656
S05-2000,5,00001314,3,2000,40401,OK,OK,INVALID,INVALID,REGISTRATION_INVALID,REGISTRATION_INVALID,,,,,,,,,,871,836.9463278139077,1206.0137300024646,3716,707.9106539029385,1168.3546918590266,3869,802.1237932639431,1272.5328600611829
S06-2000,6,00001267,3,2000,40401,OK,OK,AMBIGUOUS,INVALID,REGISTRATION_AMBIGUOUS,REGISTRATION_INVALID,,,,,,,,,,1446,975.7743437478912,1351.0495861359516,4070,728.0949850892588,1507.7553079840272,4398,731.4213489219102,1697.9783710449515
S07-2000,7,00001061,4,2000,40401,OK,OK,INVALID,INVALID,REGISTRATION_INVALID,REGISTRATION_INVALID,,,,,,,,,,1001,956.1964587297584,1499.9041020354343,1995,513.5718108542051,838.4322200046146,3068,738.402412948902,2011.9457640278788
S08-2000,8,00001050,4,2000,40401,OK,OK,INVALID,INVALID,REGISTRATION_INVALID,REGISTRATION_INVALID,,,,,,,,,,911,775.5382797522363,1310.7442178338908,2823,695.3082089717666,1156.7287563260525,2173,528.9672237497276,935.7578346572318
S09-2000,9,00001187,5,2000,40401,OK,OK,AMBIGUOUS,INVALID,REGISTRATION_AMBIGUOUS,REGISTRATION_INVALID,,,,,,,,,,529,448.0256382459754,875.0368044780711,1823,335.6869475229047,1243.7216956095192,3053,581.7044148945291,1402.3847430829314
S10-2000,10,00001668,5,2000,40401,OK,OK,INVALID,AMBIGUOUS,REGISTRATION_INVALID,REGISTRATION_AMBIGUOUS,,,,,,,,,,1118,726.8349005575435,1181.3461428731437,4236,624.0269834217421,1845.0578279278857,3483,599.4778707812799,1175.9045906869574
S11-2000,11,00001595,6,2000,40401,OK,OK,AMBIGUOUS,INVALID,REGISTRATION_AMBIGUOUS,REGISTRATION_INVALID,,,,,,,,,,1939,550.3069685493466,929.0438562363325,4333,654.367932377047,1131.8443211219703,4029,739.5618797977907,1363.0679957453603
S12-2000,12,00001159,6,2000,40401,OK,OK,AMBIGUOUS,AMBIGUOUS,REGISTRATION_AMBIGUOUS,REGISTRATION_AMBIGUOUS,,,,,,,,,,1455,487.10999814195156,951.9584828333426,2122,477.42641513509227,834.2214791194992,1636,424.99246651495787,733.2433063536249
S13-2000,13,00001741,7,2000,40401,OK,OK,AMBIGUOUS,INVALID,REGISTRATION_AMBIGUOUS,REGISTRATION_INVALID,,,,,,,,,,1493,766.1698793115658,1245.5388352835375,3024,586.0917179270805,1065.238458067332,3116,619.6437406436977,1073.0748104642012
S14-2000,14,00001411,7,2000,40401,OK,OK,AMBIGUOUS,INVALID,REGISTRATION_AMBIGUOUS,REGISTRATION_INVALID,,,,,,,,,,1550,875.6567425569177,1333.586858232834,3983,845.3331160044078,1682.9646205597178,4026,825.5694399046555,1708.069461491434
S15-2000,15,00001234,8,2000,40401,OK,OK,INVALID,INVALID,REGISTRATION_INVALID,REGISTRATION_INVALID,,,,,,,,,,865,1509.4695218035456,1615.9947989254101,3978,788.7328188394921,1564.5796165718007,4131,877.0142029170116,1771.0838724613823
S16-2000,16,00001711,8,2000,40401,OK,OK,VALID,AMBIGUOUS,OK,REGISTRATION_AMBIGUOUS,0.5243445692883895,,,140,303,231,,,,1331,918.2603416397604,1254.3610486496063,2093,405.1139196600837,794.4123170726153,2203,515.9654174354622,1215.973576447094
S17-2000,17,00001036,9,2000,40401,OK,OK,AMBIGUOUS,INVALID,REGISTRATION_AMBIGUOUS,REGISTRATION_INVALID,,,,,,,,,,1679,1023.3143805839658,1644.4017864138527,2834,641.116130246565,1286.8803142276563,3048,668.333114063939,1903.72450458193
S18-2000,18,00001580,9,2000,40401,OK,OK,VALID,INVALID,OK,REGISTRATION_INVALID,0.2733333333333333,,,41,143,157,,,,927,647.0553745382663,930.7023338841914,2387,614.4841666711717,1100.8020128951093,3496,673.7674353705547,1675.2706381506468
S19-2000,19,00001085,10,2000,40401,OK,OK,INVALID,INVALID,REGISTRATION_INVALID,REGISTRATION_INVALID,,,,,,,,,,381,646.7547679067043,686.5285440909894,1977,478.8475106832405,1040.8095255393177,3068,616.6675510660228,1051.4284930952883
S20-2000,20,00001027,10,2000,40401,OK,OK,AMBIGUOUS,INVALID,REGISTRATION_AMBIGUOUS,REGISTRATION_INVALID,,,,,,,,,,915,779.1245705235461,1208.3770241965942,3343,795.1995920052826,1148.7779071761336,3001,587.9813938470226,777.2211275688958
S01-2000,1,00001809,1,2000,40402,OK,OK,AMBIGUOUS,INVALID,REGISTRATION_AMBIGUOUS,REGISTRATION_INVALID,,,,,,,,,,1261,406.8210435846967,869.2583110331698,2888,590.925729761561,1004.3558020848731,2429,548.160986464102,982.8063511382185
S02-2000,2,00001718,1,2000,40402,OK,OK,AMBIGUOUS,AMBIGUOUS,REGISTRATION_AMBIGUOUS,REGISTRATION_AMBIGUOUS,,,,,,,,,,2259,795.1548704027799,1396.7197181086967,3529,663.3777866002574,1431.2127672776662,3711,733.72140888746,1904.379714122379
S03-2000,3,00001335,2,2000,40402,OK,OK,AMBIGUOUS,INVALID,REGISTRATION_AMBIGUOUS,REGISTRATION_INVALID,,,,,,,,,,1706,1335.3622072144,2438.302792614201,4813,931.4738691872392,2441.148440388656,4740,902.9861408772682,2447.1071218561256
S04-2000,4,00001593,2,2000,40402,OK,OK,INVALID,INVALID,REGISTRATION_INVALID,REGISTRATION_INVALID,,,,,,,,,,767,555.9324589175335,920.745095261704,3729,835.0733494032887,1221.390747760374,3936,909.0421984040028,1381.6920883735315
S05-2000,5,00001314,3,2000,40402,OK,OK,INVALID,INVALID,REGISTRATION_INVALID,REGISTRATION_INVALID,,,,,,,,,,976,937.8411204895223,1351.4000005538524,3990,760.1085869409916,1254.503557728072,4041,837.7829538846197,1329.1044940571828
S06-2000,6,00001267,3,2000,40402,OK,OK,AMBIGUOUS,INVALID,REGISTRATION_AMBIGUOUS,REGISTRATION_INVALID,,,,,,,,,,1538,1037.8568054524596,1437.008480966178,4793,857.4347084847217,1775.594887264728,5099,848.0030600620328,1968.6202169072778
S07-2000,7,00001061,4,2000,40402,OK,OK,INVALID,INVALID,REGISTRATION_INVALID,REGISTRATION_INVALID,,,,,,,,,,964,920.8525336818053,1444.4630912708878,2693,693.2575872833957,1131.7784303119936,3047,733.3481591444929,1998.1742969338156
S08-2000,8,00001050,4,2000,40402,OK,OK,INVALID,INVALID,REGISTRATION_INVALID,REGISTRATION_INVALID,,,,,,,,,,1161,988.3643718906108,1670.4435092262868,3503,862.7930060319158,1435.3598418031036,2693,655.549348162916,1159.6851581831224
S09-2000,9,00001187,5,2000,40402,OK,OK,AMBIGUOUS,INVALID,REGISTRATION_AMBIGUOUS,REGISTRATION_INVALID,,,,,,,,,,796,674.1557808011274,1316.6905413318423,2583,475.633233928504,1762.2233350298343,3920,746.8985608865228,1800.638124102552
S10-2000,10,00001668,5,2000,40402,OK,OK,INVALID,AMBIGUOUS,REGISTRATION_INVALID,REGISTRATION_AMBIGUOUS,,,,,,,,,,1365,887.4147041690937,1442.3412209497685,4860,715.9516382034152,2116.851049039076,4108,707.0499836834618,1386.9124486195867
S11-2000,11,00001595,6,2000,40402,OK,OK,AMBIGUOUS,INVALID,REGISTRATION_AMBIGUOUS,REGISTRATION_INVALID,,,,,,,,,,2189,621.2593884241978,1048.827746932095,4973,751.0204772007974,1299.0218806691805,4585,841.621052090561,1551.1707025297785
S12-2000,12,00001159,6,2000,40402,OK,OK,AMBIGUOUS,AMBIGUOUS,REGISTRATION_AMBIGUOUS,REGISTRATION_AMBIGUOUS,,,,,,,,,,1850,619.3494821736153,1210.3939472451434,2759,620.7443352298396,1084.6451747835524,2164,562.1538493510812,969.8890678173865
S13-2000,13,00001741,7,2000,40402,OK,OK,AMBIGUOUS,INVALID,REGISTRATION_AMBIGUOUS,REGISTRATION_INVALID,,,,,,,,,,1872,960.6631038655399,1561.720495412446,4091,792.8906144311131,1441.1013663867245,3907,776.9409803257147,1345.4760219780596
S14-2000,14,00001411,7,2000,40402,OK,OK,AMBIGUOUS,INVALID,REGISTRATION_AMBIGUOUS,REGISTRATION_INVALID,,,,,,,,,,1987,1122.5354499745777,1709.5723143926716,4713,1000.2648696281129,1991.4165846592894,4648,953.116432358877,1971.9589808773435
S15-2000,15,00001234,8,2000,40402,OK,OK,INVALID,INVALID,REGISTRATION_INVALID,REGISTRATION_INVALID,,,,,,,,,,891,1554.8408600311666,1664.5680529971564,4523,896.7919908524441,1778.932530355519,4357,924.9941617306753,1867.976865726033
S16-2000,16,00001711,8,2000,40402,OK,OK,VALID,AMBIGUOUS,OK,REGISTRATION_AMBIGUOUS,0.5172413793103449,,,150,347,233,,,,1767,1219.057869028893,1665.256178034451,2851,551.8298064743901,1082.116347813677,2832,663.2837322638352,1563.1580428952204
S17-2000,17,00001036,9,2000,40402,OK,OK,AMBIGUOUS,INVALID,REGISTRATION_AMBIGUOUS,REGISTRATION_INVALID,,,,,,,,,,1983,1208.5958407969053,1942.1374285042702,3585,811.0096425313816,1627.8990566359025,3427,751.4362145331754,2140.440904593922
S18-2000,18,00001580,9,2000,40402,OK,OK,VALID,INVALID,OK,REGISTRATION_INVALID,0.22093023255813954,,,38,180,164,,,,1114,777.5832656263524,1118.4491908813259,3000,772.2884373747445,1383.496455251499,3917,754.9047609686679,1877.012325410779
S19-2000,19,00001085,10,2000,40402,OK,OK,INVALID,INVALID,REGISTRATION_INVALID,REGISTRATION_INVALID,,,,,,,,,,312,529.6259516716319,562.1966030351409,2404,582.2708222976784,1265.6075363664745,3185,640.1845339456593,1091.5253424082441
S20-2000,20,00001027,10,2000,40402,OK,OK,AMBIGUOUS,INVALID,REGISTRATION_AMBIGUOUS,REGISTRATION_INVALID,,,,,,,,,,1185,1009.0301814977073,1564.947293631655,3833,911.7559186826946,1317.1599516021895,3540,693.5868491231123,916.8153254228228
S01-2000,1,00001809,1,2000,40403,OK,OK,AMBIGUOUS,INVALID,REGISTRATION_AMBIGUOUS,REGISTRATION_INVALID,,,,,,,,,,1310,422.62931569861433,903.0359932224047,2932,599.9287533451859,1019.657621784227,2446,551.9974363487829,989.6847817554889
S02-2000,2,00001718,1,2000,40403,OK,OK,AMBIGUOUS,AMBIGUOUS,REGISTRATION_AMBIGUOUS,REGISTRATION_AMBIGUOUS,,,,,,,,,,2053,722.6440677011542,1269.3517402731982,3610,678.6040832040038,1464.0629328060004,3793,749.934061953688,1946.4597832568536
S03-2000,3,00001335,2,2000,40403,OK,OK,AMBIGUOUS,INVALID,REGISTRATION_AMBIGUOUS,REGISTRATION_INVALID,,,,,,,,,,1597,1250.0430509504085,2282.514396134161,4431,857.5442996818318,2247.398449898636,4376,833.6429013668619,2259.185815451984
S04-2000,4,00001593,2,2000,40403,OK,OK,INVALID,INVALID,REGISTRATION_INVALID,REGISTRATION_INVALID,,,,,,,,,,895,648.7086710967308,1074.4026861267603,3792,849.1815878083322,1242.0256678753926,4151,958.6977046684491,1457.1656145423092
S05-2000,5,00001314,3,2000,40403,OK,OK,INVALID,INVALID,REGISTRATION_INVALID,REGISTRATION_INVALID,,,,,,,,,,976,937.8411204895223,1351.4000005538524,4071,775.5393627661094,1279.9709231857096,4064,842.5513300141288,1336.6693055799037
S06-2000,6,00001267,3,2000,40403,OK,OK,AMBIGUOUS,INVALID,REGISTRATION_AMBIGUOUS,REGISTRATION_INVALID,,,,,,,,,,1628,1098.58964842432,1521.0987041696606,4825,863.1592882200672,1787.4494744528088,4872,810.2512078098105,1880.9801327264674
S07-2000,7,00001061,4,2000,40403,OK,OK,INVALID,INVALID,REGISTRATION_INVALID,REGISTRATION_INVALID,,,,,,,,,,979,935.181151944489,1466.9391767159743,2330,599.8106863610516,979.2215902810786,2862,688.8225899151752,1876.8542296765936
S08-2000,8,00001050,4,2000,40403,OK,OK,INVALID,INVALID,REGISTRATION_INVALID,REGISTRATION_INVALID,,,,,,,,,,1041,886.207847664191,1497.7878493579367,3292,810.8234587088401,1348.9022549859599,2651,645.3254073449277,1141.5987205137237
S09-2000,9,00001187,5,2000,40403,OK,OK,AMBIGUOUS,INVALID,REGISTRATION_AMBIGUOUS,REGISTRATION_INVALID,,,,,,,,,,661,559.8203154642528,1093.3824721361152,2521,464.2165631954157,1719.9245170771244,4025,766.9047723388404,1848.8695024267274
S10-2000,10,00001668,5,2000,40403,OK,OK,INVALID,AMBIGUOUS,REGISTRATION_INVALID,REGISTRATION_AMBIGUOUS,,,,,,,,,,1213,788.5963634850629,1281.728865210307,4495,662.1816077622121,1957.8694373314086,3885,668.6682537999633,1311.6248449092245
S11-2000,11,00001595,6,2000,40403,OK,OK,AMBIGUOUS,INVALID,REGISTRATION_AMBIGUOUS,REGISTRATION_INVALID,,,,,,,,,,2299,652.4784531691324,1101.5326588382304,5083,767.6326333423794,1327.7555237163572,4559,836.8485008682372,1542.374532788061
S12-2000,12,00001159,6,2000,40403,OK,OK,AMBIGUOUS,AMBIGUOUS,REGISTRATION_AMBIGUOUS,REGISTRATION_AMBIGUOUS,,,,,,,,,,1781,596.2494204060589,1165.2495243478922,2866,644.8181459835884,1126.7100655779852,2466,640.6060039278033,1105.2432722909773
S13-2000,13,00001741,7,2000,40403,OK,OK,AMBIGUOUS,INVALID,REGISTRATION_AMBIGUOUS,REGISTRATION_INVALID,,,,,,,,,,1783,914.9905524531291,1487.4720316882433,4002,775.6412219392116,1409.7501022438698,3873,770.1797841826191,1333.7672467676032
S14-2000,14,00001411,7,2000,40403,OK,OK,AMBIGUOUS,INVALID,REGISTRATION_AMBIGUOUS,REGISTRATION_INVALID,,,,,,,,,,1721,972.2614541551325,1480.711601947553,4322,917.2808755639091,1826.2046422443134,4384,898.9807313815226,1859.954426025446
S15-2000,15,00001234,8,2000,40403,OK,OK,INVALID,INVALID,REGISTRATION_INVALID,REGISTRATION_INVALID,,,,,,,,,,1004,1752.0316761742886,1875.6748880012851,4608,913.6452562122623,1812.3637187438053,4523,960.2360783814194,1939.1460554690952
S16-2000,16,00001711,8,2000,40403,OK,OK,VALID,AMBIGUOUS,OK,REGISTRATION_AMBIGUOUS,0.5286195286195287,,,157,334,260,,,,1502,1036.2336838038468,1415.5148723303596,2709,524.3447722690715,1028.2192866458265,2553,597.9390425386904,1409.1604814659242
S17-2000,17,00001036,9,2000,40403,OK,OK,AMBIGUOUS,INVALID,REGISTRATION_AMBIGUOUS,REGISTRATION_INVALID,,,,,,,,,,1756,1070.2442241247431,1719.815090495965,3177,718.710637188898,1442.6318836631135,3152,691.137131079244,1968.6809837408935
S18-2000,18,00001580,9,2000,40403,OK,OK,VALID,INVALID,OK,REGISTRATION_INVALID,0.291358024691358,,,59,214,191,,,,1050,732.9106184090394,1054.1935820694723,2751,708.1884970726408,1268.6662494656243,3888,749.3157290391066,1863.1156296137628
S19-2000,19,00001085,10,2000,40403,OK,OK,INVALID,INVALID,REGISTRATION_INVALID,REGISTRATION_INVALID,,,,,,,,,,376,638.2671725273512,677.5189831449135,2282,552.7213046935533,1201.379533273001,3173,637.772535701594,1087.412845042813
S20-2000,20,00001027,10,2000,40403,OK,OK,AMBIGUOUS,INVALID,REGISTRATION_AMBIGUOUS,REGISTRATION_INVALID,,,,,,,,,,1012,861.7202900216706,1336.4781950677086,3853,916.5133197715686,1324.0326881093756,3879,760.0066067086307,1004.6120472641609
