sample_index,subject_id,anatomical_position,finger_name,impression,source_500,source_1000,source_2000,sha256_500,sha256_1000,sha256_2000,exact_2x_dimensions,low_shape_hw,high_shape_hw,pearson_all_pixels,pearson_dark_union,mae_all_pixels,mae_dark_union,dark_union_pixel_fraction,control_500_1000_pearson_all_pixels,control_500_1000_pearson_dark_union
1,00001809,1,right_thumb,plain,sd300a/images/500/png/plain/00001809_plain_500_11.png,sd300b/images/1000/png/plain/00001809_plain_1000_11.png,sd300c/images/2000/png/plain/00001809_plain_2000_11.png,f4d3e13f527afef29d5ab71611744d39cf22a19d54c6fc88b217fafe3a96ddd7,3868a0d2fded84b21b794894e7f08278dad6c0f8bfff93d963f108303c0bf047,3e16c46aa03c5c54dd82b79c6398b66a863b773817525d2343287eb8f9527041,True,"[1782, 762]","[3564, 1524]",0.9932344363554979,0.9922213043042833,3.280348777770996,3.5807690620422363,0.8674312386035921,0.9958692496028102,0.9951481195266036
1,00001809,1,right_thumb,roll,sd300a/images/500/png/roll/00001809_roll_500_01.png,sd300b/images/1000/png/roll/00001809_roll_1000_01.png,sd300c/images/2000/png/roll/00001809_roll_2000_01.png,a09de71cfaf016cd9af02bcd2eca6f8b5f849d98dee52bc91f56a575d7df7f7f,7aedb4c0dc28c32f2e25739674288a87442befe573d051f0b808ceeb14a90f74,a80cb9c712cebbfcc397b561a6081649adc0b95946bbd5164a57479c462161fa,True,"[1456, 1672]","[2912, 3344]",0.9761484652729604,0.9760330891203848,6.13974142074585,6.152264595031738,0.997205919080919,0.9963448762027878,0.9963071874499337
2,00001718,1,right_thumb,plain,sd300a/images/500/png/plain/00001718_plain_500_11.png,sd300b/images/1000/png/plain/00001718_plain_1000_11.png,sd300c/images/2000/png/plain/00001718_plain_2000_11.png,8eae0eb22f3a705ad86e5b93aeeed7bce14ccab72cb5981e6aa9159c517eb15f,04ec58a85d8e9d47dde06636134a625a1fa63236d9025c158ca16f22658be64d,aeb3f244ebe218f18468c6a148df54e84b4e8c2d0af059079e8b10b338cca88e,True,"[1782, 762]","[3564, 1524]",0.9507231234830379,0.9507231234830379,58.098453521728516,58.098453521728516,1.0,0.9918076662020934,0.9918076662020934
2,00001718,1,right_thumb,roll,sd300a/images/500/png/roll/00001718_roll_500_01.png,sd300b/images/1000/png/roll/00001718_roll_1000_01.png,sd300c/images/2000/png/roll/00001718_roll_2000_01.png,9aab199414644725d8f08610ae4db0d69960e915f6b4d20326f06e5845adac07,154eefda49bf36d5014238217d0bbb8476d3b3428f1e93d2a5a5faa5b47577cf,fcc7b7e403cf6f5614d3e5d6d9d90242ce395a07b2aa38b40a5078af410c2a8b,True,"[1456, 1672]","[2912, 3344]",0.9630879371814264,0.9629344939991632,5.875831604003906,5.886743068695068,0.9969101622062149,0.9946350641512142,0.9945976082644314
3,00001335,2,right_index,plain,sd300a/images/500/png/plain/00001335_plain_500_02.png,sd300b/images/1000/png/plain/00001335_plain_1000_02.png,sd300c/images/2000/png/plain/00001335_plain_2000_02.png,3e1a3d6f6af58cb75b4f44d69fa1a6170dd3d274bcaf2ee023b63e45ead591aa,9fac26259fcb2325aea9ed26ba3b4241a763cb25bab5a8b6f4346e72919ce749,2bf634d29b28f80caa45704a6fa90572c13ad96061d277543280d87e6d50f00f,False,"[953, 614]","[1904, 1228]",0.9510787424625,0.9480255909203925,4.293709754943848,4.272719860076904,0.9930016987329572,0.9783191310094403,0.9813007323769429
3,00001335,2,right_index,roll,sd300a/images/500/png/roll/00001335_roll_500_02.png,sd300b/images/1000/png/roll/00001335_roll_1000_02.png,sd300c/images/2000/png/roll/00001335_roll_2000_02.png,acb303c2cd34d0cfccf1806bd74d402b629c8e64f048705edeace6f1b38a9168,5aabef2ca4689e15e4c46bd7b567a0597fcf185923db447a50022a3819ad8808,05fdffb93afdcfbdd715de1bdfc39bb48e4e111f0e6d93d0820a7c240382fb2d,True,"[1566, 1510]","[3132, 3020]",0.9796935429472101,0.979686198653342,4.09834098815918,4.098910808563232,0.9997610650156894,0.9988013297190274,0.9988009621807542
4,00001593,2,right_index,plain,sd300a/images/500/png/plain/00001593_plain_500_02.png,sd300b/images/1000/png/plain/00001593_plain_1000_02.png,sd300c/images/2000/png/plain/00001593_plain_2000_02.png,15ffd2b94172b448dbb390674558ed0f5255247ffbce7bc2e7702a7ae7161a66,10c633deb024285ebf164725fd2685a9d82d400c376bdb32587477751482bc50,2d6065737c705933231729162bebc45ebaf2a674861cdfacf05ab0973b5e215a,False,"[1049, 578]","[2097, 1153]",0.9803465193407723,0.958201912696249,6.420204162597656,7.987977027893066,0.7970137979489447,0.990954984648609,0.9807635188613086
4,00001593,2,right_index,roll,sd300a/images/500/png/roll/00001593_roll_500_02.png,sd300b/images/1000/png/roll/00001593_roll_1000_02.png,sd300c/images/2000/png/roll/00001593_roll_2000_02.png,d802e802a4ea89cd220b6c4656b00d95554587c2bb0a527f84c9dfec4c7e80cd,c1b8b8d7cd82aff5f733865b1424fa69a597db185c35345ca2b71c4a6d90d296,364eee7f17ccbac5d1359f4af21196e811b0ce9a0375c7c82d71829530f77768,True,"[1550, 1496]","[3100, 2992]",0.9597426456589059,0.9597259841520684,7.341480255126953,7.342541217803955,0.9998007590132827,0.994931553337625,0.9949273449088472
5,00001314,3,right_middle,plain,sd300a/images/500/png/plain/00001314_plain_500_03.png,sd300b/images/1000/png/plain/00001314_plain_1000_03.png,sd300c/images/2000/png/plain/00001314_plain_2000_03.png,68d0d3f260f12b60bb465b3edde5cb5008cdb28521271f68d9002da8d972eb54,e9a8f188c4f43ece0cc9bf3c573aa949cb0cc81399b77dfb32a4f9e59d4840bb,998c4d0803a9d66791852dac5314425ee0cdac1c4edf7fcd3b7d7455017a48bb,True,"[541, 734]","[1082, 1468]",0.9764666347959888,0.9599193745215354,5.197257995605469,5.757691383361816,0.8556286420847456,0.9889815942456411,0.9827284012149294
5,00001314,3,right_middle,roll,sd300a/images/500/png/roll/00001314_roll_500_03.png,sd300b/images/1000/png/roll/00001314_roll_1000_03.png,sd300c/images/2000/png/roll/00001314_roll_2000_03.png,bdb79694b710786a58e57aa01b29b8e5dc218a0a313742a54837e1f74bb05c84,d6908c9be259d7a8c74221136ce48b559579313a7496bf6009786b60425da48a,5ae05c1bcf8f973d2ebd0e04b41b3e7adb63bf9cadaeb1bf548a489347fc02df,True,"[1578, 1522]","[3156, 3044]",0.9650071864151993,0.9560353788165041,5.462113380432129,6.148221969604492,0.8209884099535498,0.9980717289689713,0.9974218220890737
6,00001267,3,right_middle,plain,sd300a/images/500/png/plain/00001267_plain_500_03.png,sd300b/images/1000/png/plain/00001267_plain_1000_03.png,sd300c/images/2000/png/plain/00001267_plain_2000_03.png,105a9e5f05d287c7f895487018bcd6fe6241d288ced77b5de060ba981b77c45b,687f471442d5887b1c1212bcccfaf9752b16c3bf420a1efe649ec06ab5276bdf,81de3397324fe0cbb22531d62113ddf24073f2e932eda7e4982ca2c0409a294e,False,"[923, 643]","[1846, 1284]",0.9476276913569535,0.9171092296029356,8.09465503692627,8.41718864440918,0.9535981290301926,0.9509701070445656,0.9208276102431341
6,00001267,3,right_middle,roll,sd300a/images/500/png/roll/00001267_roll_500_03.png,sd300b/images/1000/png/roll/00001267_roll_1000_03.png,sd300c/images/2000/png/roll/00001267_roll_2000_03.png,c6ad7477911d7c479576099a8d32aab7a58f8e55cf84bc58b4b61d53ee7b9215,a1db28e8425462bff9f741980b7f51058f28113cd09947e142e6583a5064ce4d,08fc850815ea230bd0214b87b1b4aa01269bdaffb48e39ad32df82c44818affa,True,"[1550, 1510]","[3100, 3020]",0.9978965054320462,0.9978938558984498,1.7829233407974243,1.7837024927139282,0.9992766502884,0.9813895461074348,0.9813754366249328
7,00001061,4,right_ring,plain,sd300a/images/500/png/plain/00001061_plain_500_04.png,sd300b/images/1000/png/plain/00001061_plain_1000_04.png,sd300c/images/2000/png/plain/00001061_plain_2000_04.png,57940c7eebb8c0c857c7dd2133cf689e5e348e131ba0c0ea48bb147d4668150a,98ea489f206f0b5204289fce4a85e6ba7ed23301bf72e910dd76f875c5e0bf51,8d08bf838077a69931c0fc5417f2299842ff64e4bede438fb098058a991b9e7e,False,"[955, 618]","[1908, 1235]",0.9869124870410098,0.9812835701410959,2.7479116916656494,2.9321913719177246,0.9015503481929548,0.984609421779086,0.9782135646815361
7,00001061,4,right_ring,roll,sd300a/images/500/png/roll/00001061_roll_500_04.png,sd300b/images/1000/png/roll/00001061_roll_1000_04.png,sd300c/images/2000/png/roll/00001061_roll_2000_04.png,fb7e3cf4faa6a6bad90f5409002f8a4237167821a1b5e6768c25a087248f9408,1d19c01b8971872ed47d7863f674708d54783135d650ae0b204eec3475d3d09d,a79d8f1d4aa8ed9ae0a11e49db41370d9b8d62329f590445197934d183c31ed5,True,"[1374, 1468]","[2748, 2936]",0.9961825869589482,0.9938311643805596,2.0819804668426514,2.581239938735962,0.6917034533909229,0.9824181664021749,0.9706446485697853
8,00001050,4,right_ring,plain,sd300a/images/500/png/plain/00001050_plain_500_04.png,sd300b/images/1000/png/plain/00001050_plain_1000_04.png,sd300c/images/2000/png/plain/00001050_plain_2000_04.png,704b911c290fddd2969eeae7d82a57d06b692d0159ca5ed5cf1506088ff9b1fd,deabeb785e3f47c6372521f230070c2004b28f219d0cca8c5836da00a650454d,c4acd4b44065c8776c6cc7a2b64b72ea2f7eef7214392857932988f02360a7df,False,"[983, 549]","[1965, 1095]",0.7731737653694372,0.7606265145280746,10.212488174438477,10.300163269042969,0.9795466463578466,0.9166363032828809,0.9083663566426383
8,00001050,4,right_ring,roll,sd300a/images/500/png/roll/00001050_roll_500_04.png,sd300b/images/1000/png/roll/00001050_roll_1000_04.png,sd300c/images/2000/png/roll/00001050_roll_2000_04.png,394ec37467a38ff580bc9f4b7d8a9b2e13e55d3c6b51401ff8d5c01bc44b0e4f,24080dc5ad68c1cdb999a95211c569ccfeb93fb9176a05e51a9fe8c69b96baf0,07c907f52d813fc491906a4c0c29a73a77b559940207a708103118571d4b9993,True,"[1266, 1468]","[2532, 2936]",0.9918684442684177,0.9904452089097356,2.3323044776916504,2.5377235412597656,0.8519414707009139,0.9852043112192541,0.9820342400482762
9,00001187,5,right_little,plain,sd300a/images/500/png/plain/00001187_plain_500_05.png,sd300b/images/1000/png/plain/00001187_plain_1000_05.png,sd300c/images/2000/png/plain/00001187_plain_2000_05.png,b847d11ed754f0449127d1fbc1146e2cb8d70b512cee0c3169dabb345a4261fb,46a75f85a176e1365483ed43fce0de2919c1d37dcf53ebb18049b3bbccbc431f,e8360bea9daa70283b8532cbea9cca55c19328135790419a04cc8e22ebbda6dd,False,"[787, 629]","[1573, 1257]",0.9714694092479202,0.9718778609573507,3.2645676136016846,3.2278881072998047,0.9984061346644499,0.9464801346231103,0.9461283727462592
9,00001187,5,right_little,roll,sd300a/images/500/png/roll/00001187_roll_500_05.png,sd300b/images/1000/png/roll/00001187_roll_1000_05.png,sd300c/images/2000/png/roll/00001187_roll_2000_05.png,b6d720fccc2cf0db8000d0acd2ab41bdc7d9b2f0f023eda305ff587bfde46e3d,c46346976ef53b8a18a70c50af77deefe842251635dd3fb46b7a907fc56c33fd,9ba1b12ae843d395ed8fcbbc8be98a6540a16d49d6e3c87c88c9accb2440ea3c,True,"[1552, 1672]","[3104, 3344]",0.9927917388136875,0.9927917349869825,2.668553113937378,2.6685540676116943,0.9999996146352291,0.9859288051964269,0.9859288051964269
10,00001668,5,right_little,plain,sd300a/images/500/png/plain/00001668_plain_500_05.png,sd300b/images/1000/png/plain/00001668_plain_1000_05.png,sd300c/images/2000/png/plain/00001668_plain_2000_05.png,9a4a3afa067864c80fae727ea7583eae46aaf5260d501e5add292c975aaaa0fc,a137c73856b6082cecb00e9bedc5b023c2c86bfadaab8b60ee9886057c9d1bed,d8d4ae5efc035a2846d527bc6b8ccdd94256208d03694727a8d22feddec85d23,False,"[881, 547]","[1761, 1091]",0.9543626603706987,0.9083223972948627,7.85953950881958,11.016700744628906,0.610833625575059,0.9868419698389954,0.9717551309848453
10,00001668,5,right_little,roll,sd300a/images/500/png/roll/00001668_roll_500_05.png,sd300b/images/1000/png/roll/00001668_roll_1000_05.png,sd300c/images/2000/png/roll/00001668_roll_2000_05.png,c6bc40c19e6770a3141c9a2f4b595f514669522fbaea7881878c6e8a6d656e2e,66743be7588817016533cb434c437d1a7692712c69c17eb8fe88599db33b7cc8,481a4e5e3a5827f706a64f2d264668b1e5eff3965ba53947e1240befe819f22c,True,"[1700, 1672]","[3400, 3344]",0.9815498500945449,0.9304936785534381,4.806735038757324,9.337274551391602,0.35603187447227697,0.9928706187611603,0.9698968618899796
11,00001595,6,left_thumb,plain,sd300a/images/500/png/plain/00001595_plain_500_12.png,sd300b/images/1000/png/plain/00001595_plain_1000_12.png,sd300c/images/2000/png/plain/00001595_plain_2000_12.png,d7accd8ee263ef649813a5e55785ac6d309457d69126b6b74088686365d035f4,2c0b180854e46c5603e58da0b608115540a5473525ed08789293a0e599f9b354,be244b1680b4bc7bf79609bcaec76c7f4a17a8aed98b156ec4b5b6e7deb3f50f,True,"[1972, 748]","[3944, 1496]",0.9627083043254855,0.9491146560239038,6.9525556564331055,8.031576156616211,0.8117400288531419,0.9941851082591526,0.9917386863662607
11,00001595,6,left_thumb,roll,sd300a/images/500/png/roll/00001595_roll_500_06.png,sd300b/images/1000/png/roll/00001595_roll_1000_06.png,sd300c/images/2000/png/roll/00001595_roll_2000_06.png,3a44609479ae5c2e12eb7fe206e96530569143c5a673b9c39f7945930e80d91a,c6b97648a66a089407ea0bea6b5d1446baced4ccaa3bba47d59d9c81b29f9e00,ffe045ca5a895d2254400a2054f286ef7b7c7a9d5281bb1aa61404e8abfd9bc9,True,"[1416, 1618]","[2832, 3236]",0.95492129730669,0.9487355199194312,6.6013569831848145,7.103487014770508,0.9046828406416515,0.9940228490114194,0.9928090935689264
12,00001159,6,left_thumb,plain,sd300a/images/500/png/plain/00001159_plain_500_12.png,sd300b/images/1000/png/plain/00001159_plain_1000_12.png,sd300c/images/2000/png/plain/00001159_plain_2000_12.png,17be1dcdffdf8d5931d0355171699d8dc1a1c32fc1ab19a8726b6c10cf7ce9e4,0d235a85229e84d14c89dd0a29cc08130baf4b0803e1fc69bdebdaf94baa299a,13cd9e2e39971de63c2cb3ddceb36dab071fcbd24d53bb44cad1a4a5e3f96d48,True,"[1862, 734]","[3724, 1468]",0.8292034107485682,0.8292005756438597,17.6370849609375,17.637256622314453,0.9999839029258627,0.9805540972386694,0.9803403357171327
12,00001159,6,left_thumb,roll,sd300a/images/500/png/roll/00001159_roll_500_06.png,sd300b/images/1000/png/roll/00001159_roll_1000_06.png,sd300c/images/2000/png/roll/00001159_roll_2000_06.png,dab744ec6f561da6a2f9f6990357ba8d1ef9852e6bb4696e9897344c59935dd7,396c594f1f2c0fdd93992885748f83a5f60959b0883dc1f0987d8fb1ec94ba89,b47cdd3f9f1b7b414fea07f532e377381ba7f61996354bdb208af58e58c6fe4b,True,"[1402, 1646]","[2804, 3292]",0.8646991316955752,0.8646875346435023,16.670364379882812,16.671262741088867,0.9999410666588089,0.9895504603090887,0.9895441180708786
13,00001741,7,left_index,plain,sd300a/images/500/png/plain/00001741_plain_500_07.png,sd300b/images/1000/png/plain/00001741_plain_1000_07.png,sd300c/images/2000/png/plain/00001741_plain_2000_07.png,c962dc3c3610118938c466bfc383b14bb91ef1fc36c221a803ee5fda8a3cc69b,c1623b71c7c2c75a600ec86687c697efa4c2a4ee76988e55aee9a8d8f79f5f2d,433d7794aba28e3fb9db42b716357584b8c1551e31750eadb032c53f1752110c,False,"[1015, 664]","[2031, 1328]",0.96500589698208,0.9565246426391509,6.9760518074035645,7.252391338348389,0.9297198646803965,0.9955381491574228,0.9946730906187087
13,00001741,7,left_index,roll,sd300a/images/500/png/roll/00001741_roll_500_07.png,sd300b/images/1000/png/roll/00001741_roll_1000_07.png,sd300c/images/2000/png/roll/00001741_roll_2000_07.png,3ac4713c4d4591adb3552595774b71e75eca8ea9f9f81097282436436332be8f,57ad1b65ade88845c7cad3a8b28f8edd3c6230d127697136037e7a357b6a355d,46bd808079ad8af210ce4a8ade064622ec52b9148e83fb191cec05da22ec080f,True,"[1496, 1510]","[2992, 3020]",0.9788023346909723,0.9785178180432553,5.011472225189209,5.044407367706299,0.9897103091688211,0.994420066784643,0.9942894577673882
14,00001411,7,left_index,plain,sd300a/images/500/png/plain/00001411_plain_500_07.png,sd300b/images/1000/png/plain/00001411_plain_1000_07.png,sd300c/images/2000/png/plain/00001411_plain_2000_07.png,584bbc3b5b94e8e21f268e7aa257dc81425e7bad008e223203ff5701c2cdc4fc,d76a3afe74a0fac5c0f5dd570adf7b07d20e0962db6ec529f6637f6b56b151cb,3e98be3212773d13f8ad3b968ee6743910770431a655efcc32de993b725e90d6,False,"[958, 707]","[1915, 1411]",0.9096333171539895,0.9090579614338532,9.887201309204102,9.859820365905762,0.9972036273117321,0.9862312396748961,0.9866433919635327
14,00001411,7,left_index,roll,sd300a/images/500/png/roll/00001411_roll_500_07.png,sd300b/images/1000/png/roll/00001411_roll_1000_07.png,sd300c/images/2000/png/roll/00001411_roll_2000_07.png,ba3e5793eaf2d119b5f658fb5660b74e75ddc05a4d15ce8b86cea512ad1f9ed1,a47bce6f44dcd1f1770a3f375860cda8363f7c36861efb3b0c824baef4af09ea,f1427b58a253caad02d58ddd4a574cf392b1bc7d937396ec9def68fbd5108cd6,True,"[1428, 1510]","[2856, 3020]",0.9553223888302024,0.9553077951479976,7.105064868927002,7.1067280769348145,0.999697627395329,0.9931347611818427,0.9931290339279417
15,00001234,8,left_middle,plain,sd300a/images/500/png/plain/00001234_plain_500_08.png,sd300b/images/1000/png/plain/00001234_plain_1000_08.png,sd300c/images/2000/png/plain/00001234_plain_2000_08.png,6824fe36c02b64aff785862545c0b8bb7c2176ece3d6477892f2a6536934eafd,c7f3924534b31d60ff2862602d5f8029f823f8edb80d668260dabbf93257fa2d,0e99018aaebe717dd1c8085d6dffc18c80bb7e0f2fdb5086ff80d20c55251a8d,True,"[512, 512]","[1024, 1024]",0.8662329913811166,0.8036030420318508,10.974647521972656,11.262683868408203,0.9719276428222656,0.9842284903941056,0.9811727076109419
15,00001234,8,left_middle,roll,sd300a/images/500/png/roll/00001234_roll_500_08.png,sd300b/images/1000/png/roll/00001234_roll_1000_08.png,sd300c/images/2000/png/roll/00001234_roll_2000_08.png,7d1203d1c029d71e87356477f67494470bbc6b7dcad8242419e3192aded111a1,d1d969bb9795812afdb706763ccbed071b690641af0b0a7d5f4e7b7412c8ae15,dc7cf65507dbf376c427991621ed541d836d21189e74f75fc54f12d387ba7721,True,"[1374, 1468]","[2748, 2936]",0.9948809833514322,0.9921478172847221,2.141498565673828,2.6130268573760986,0.6573896695739085,0.9840242012739951,0.9746396345662086
16,00001711,8,left_middle,plain,sd300a/images/500/png/plain/00001711_plain_500_08.png,sd300b/images/1000/png/plain/00001711_plain_1000_08.png,sd300c/images/2000/png/plain/00001711_plain_2000_08.png,9fe5992e59960f2c62ef92cd9aaa4e3175a693698ada79c7e23d365e9ca86c03,4aff67a6573a57f9e8ac70c1015c66101d6939da8012856399c6a7f0886ad240,1640b1a3603e2cd91469b1f1c818396c3dc00b1bc7e6a263f9b45a18258c5bf5,False,"[1006, 733]","[2011, 1467]",0.8687728708203556,0.8503804714772111,9.72982120513916,10.28867244720459,0.926880734691442,0.9856256553184264,0.9845771137666498
16,00001711,8,left_middle,roll,sd300a/images/500/png/roll/00001711_roll_500_08.png,sd300b/images/1000/png/roll/00001711_roll_1000_08.png,sd300c/images/2000/png/roll/00001711_roll_2000_08.png,c00197e3ac8caeea1c8a7eb62776e401283cfc91ab1ed61a08a0bc7238203746,760fb4f42f6329fc306854de1dcb59c0c24d10da5f81b6d0e9dc5c50b86a2826,c6aa587ab63bb1661a8415b87e48495ae03d41522f83701c4367aa80b6f7803a,True,"[1498, 1510]","[2996, 3020]",0.9647044836768874,0.9561554482960045,7.311196804046631,8.510993003845215,0.8118988673639909,0.9959998144100659,0.9946439733473706
17,00001036,9,left_ring,plain,sd300a/images/500/png/plain/00001036_plain_500_09.png,sd300b/images/1000/png/plain/00001036_plain_1000_09.png,sd300c/images/2000/png/plain/00001036_plain_2000_09.png,2e7ee8ed49baa207db36d6e2c4dc7a98fd5c83ba89188daab4930aaed15b42cb,31cf5f6ad2b071bc9405b052bc3f94e20a0034155eba673bbe5760063c1fee76,26247962c2b721e881012a53120857e2b8ac0128a9a0fab28f1eb3b9abb46dfa,False,"[1063, 676]","[2127, 1351]",0.9781448445309192,0.9779649815708583,3.4634768962860107,3.4525041580200195,0.989792481922882,0.9538565213193221,0.9535952417889006
17,00001036,9,left_ring,roll,sd300a/images/500/png/roll/00001036_roll_500_09.png,sd300b/images/1000/png/roll/00001036_roll_1000_09.png,sd300c/images/2000/png/roll/00001036_roll_2000_09.png,a48e6419642d450e3bda62b32e11315972e0a4b0555cc4830f376ad94fa94a42,bad69c7fd3b9a68ce2e5eaf5dc8f6cc8116d7968a41b6c05cbe94bf00778209d,f9bcebefba5cf2cb74249ce95b7d92d31018cd1e4837f94248e964763f8dce14,True,"[1522, 1508]","[3044, 3016]",0.9674348702696969,0.9655900248206619,5.3002238273620605,5.506636142730713,0.9461958472901425,0.975195288141044,0.9741171940813272
18,00001580,9,left_ring,plain,sd300a/images/500/png/plain/00001580_plain_500_09.png,sd300b/images/1000/png/plain/00001580_plain_1000_09.png,sd300c/images/2000/png/plain/00001580_plain_2000_09.png,e8b89ffd8bf764245ab9d1c5b4dca8598dff332f9126fcd918602ccc9f664f82,5ae6e079cc2eb7fe43262f8ff30e2d2e5de0338bebd3610e29698f86ac9756bd,afc9de304e67e7cd70b23c2579a9abaa369c1714741f29047f2649d3bdbb0125,False,"[856, 734]","[1711, 1466]",0.9092883754863953,0.8976243345348528,11.907814025878906,12.182700157165527,0.9721281417912349,0.9871695077472344,0.9856870831756035
18,00001580,9,left_ring,roll,sd300a/images/500/png/roll/00001580_roll_500_09.png,sd300b/images/1000/png/roll/00001580_roll_1000_09.png,sd300c/images/2000/png/roll/00001580_roll_2000_09.png,960f2885c79b45389590ea937fe44e1bdc2581109cb04ca769c745303ec336fc,e7821fc5cc898ea4c737752a44982d7f7e788be6c1b4f605cae5272dab4349c8,6388e19867f9d9740e9d02ade95c86275a9383bbc233138abf2f4e0e0492450f,True,"[1374, 1468]","[2748, 2936]",0.9531546588200646,0.9477493661440669,8.239869117736816,8.964159965515137,0.894635285905231,0.9951540750874329,0.9942514948675939
19,00001085,10,left_little,plain,sd300a/images/500/png/plain/00001085_plain_500_10.png,sd300b/images/1000/png/plain/00001085_plain_1000_10.png,sd300c/images/2000/png/plain/00001085_plain_2000_10.png,9e8cd48020a898e9e8293a355a5d9bc7f9d30d8be2b94520a0bc1819826dc507,0463ca977d43c043598c39b78ab999d62350d76bfdaff8bf76ec1733956461cf,1d661e315990780c6c42e1d224faffdf36f4515247b0af45737db86d3c36c069,False,"[549, 512]","[1099, 1024]",0.8908511868248608,0.7480998138322434,9.277997970581055,9.914606094360352,0.9294171220400729,0.98901918254905,0.978217367162105
19,00001085,10,left_little,roll,sd300a/images/500/png/roll/00001085_roll_500_10.png,sd300b/images/1000/png/roll/00001085_roll_1000_10.png,sd300c/images/2000/png/roll/00001085_roll_2000_10.png,368357bcab38849d7159b02d697e52585070854796980ccbbc2c236ea08f3698,0e69ad0d902d3dd2a3d90ac51585482d19f6b14cb10906cda06b1c50f3608b85,36404d2838e42529e44b6539fb968c01d5186e0c296e71a1757b71a9ff4ddf0f,True,"[1510, 1538]","[3020, 3076]",0.9293748367149969,0.9033189839714267,6.669189453125,8.05532169342041,0.7626533986686072,0.9901003412585262,0.986102251267971
20,00001027,10,left_little,plain,sd300a/images/500/png/plain/00001027_plain_500_10.png,sd300b/images/1000/png/plain/00001027_plain_1000_10.png,sd300c/images/2000/png/plain/00001027_plain_2000_10.png,ff7da73b357d1e37a767dd4d82871098c973f8158834011b0ef6925579deaa11,8ef9ec89dd745afdf9a66e3b38565190a4fc89188966bba6b1bc49f08fc8db9f,88809cc68433f34006a17139fce50843579b3228695867ec5d298714f30cfc99,False,"[995, 664]","[1991, 1328]",0.589219210885199,0.589219210885199,22.592748641967773,22.592748641967773,1.0,0.9484766807059684,0.9484766807059684
20,00001027,10,left_little,roll,sd300a/images/500/png/roll/00001027_roll_500_10.png,sd300b/images/1000/png/roll/00001027_roll_1000_10.png,sd300c/images/2000/png/roll/00001027_roll_2000_10.png,3bcc51d19eb72e48ca6d377973c0860db24ee95684a0c7fa211614b2dc5d2ca8,e2210dbd9f22b888e7523f580bfb6f1032f90b3479f046616527159744e77e69,91922e6dd5cca459b103441a668462db6f452ec1e9993cb9fbed5e5cde31be3b,True,"[1346, 1688]","[2692, 3376]",0.9812571950472665,0.9791205384607433,5.422399044036865,5.714907646179199,0.9324094385329887,0.9771406165465392,0.9746562331819799
